,id,name,latitude,longitude,number_of_bikes
0,009f180cf35ae1285733d98ccf058313,Summerhill Ave / Maclennan Ave,43.685924,-79.376304,11
1,010507feed5b8d87c40cd95933ed5654,Queen St E / Joseph Duggan Rd,43.6677628,-79.30811709999999,19
2,0153756b9e136b96e730aaa2f048227f,Victoria Park Ave / Danforth Ave,43.691468,-79.288619,19
3,019e5937c3fc120cee906770bca8fa69,Navy Wharf Crt / Bremner Blvd,43.640722,-79.391051,9
4,01caf8b12874b091f2fccc3818e3c72e,420 Wellington St W,43.643834,-79.396649,14
5,022818120bd4e5138186fe1ab57f791a,Sentinel Rd / Finch Ave W,43.76073963892478,-79.5000273116394,14
6,026bf7c2104a659ef0392f1c22bc6e17,Ross St / Cecil St - SMART,43.6568254,-79.3966159,18
7,02d90c8ede19da66083e0d0e14d17258,York University Station (North),43.7741,-79.5005,15
8,02feaaef65cff4671fb1935179895659,Dundas St W / Yonge St,43.656094,-79.381484,15
9,033dd75f330fec10400341177c68036e,Seaton St / Dundas St E - SMART,43.658777,-79.369596,32
10,03b565f085260e768988cd216fbeeef4,Euclid Ave / Herrick St - SMART,43.661559,-79.413845,16
11,03cb067499bb9bc86cf0c884edb403bc,Wellesley St W / Queen's Park Cres,43.663376,-79.392125,18
12,045a7a6b973238dc76bc058e4f33f143,Wellington St W / Bay St,43.647259,-79.379878,55
13,049156f7c0e19a53a77d8310d93eed0c,Sunnyside Ave / The Queensway - SMART,43.6397,-79.44865,20
14,049c76540151608ec55bfcd0e1748f41,161 Bleecker St (South of Wellesley),43.666233,-79.373327,23
15,04cadbe0f9b27f89f5fa6f6dbdea0883,Bay St / Scollard St,43.672152,-79.39018,15
16,052763ac927bce9197aa6381f508576f,Pape Ave / Gamble Ave,43.690237,-79.350119,19
17,05d7abba295be4af9e74ca3ec241ebd7,Queen St E / Hammersmith Ave,43.671349,-79.29451,11
18,068f5330e49bd7236864c7cbf904813f,Walnut Ave / Queen St W,43.645469,-79.411084,15
19,0690f86b4ecb172570d8e08b5f9004c3,Queen St E / Pape Ave - SMART,43.661673,-79.337789,16
20,06dd97607037897ed24979d9b9cd4bed,Tecumseth St / Tecumseth Pl,43.642697996199985,-79.4049993694586,11
21,071b427d1f3f600d6b9f35ca6576ebe2,Davenport Rd / Lansdowne Ave,43.671526,-79.44874,19
22,0729b25bcf663b7a2278f01d63b50fcf,Eastwood Rd / Coxwell Ave,43.673118,-79.318651,19
23,07bf4729ad15e9e2d17d072dfb67e6b0,Fenwood Ht / Kingston Rd,43.72690169821676,-79.22920396582664,15
24,07c0bbd2b5c108bacb3a32250af2a076,Rouge Hill GO Station,43.7805505,-79.1301203,25
25,080c6cc1f827d976fd75f9ccf53db95c,Lundy Ave / Étienne Brûlé Park,43.6625395,-79.5030161,15
26,082fdb9cce172f916dde26cc3a543b69,Bremner Blvd / Rees St,43.641529,-79.386741,49
27,084dc489a2da0c722c17a379c243a12a,Willowdale Ave / Bishop Ave ,43.78387252467251,-79.40786809814757,19
28,086ae84908444d2c0d0faf35deb1704f,Plaxton Dr / St Clair Ave E,43.70751755961952,-79.30252066313936,14
29,08b57a79795bbd49a15e4a3692ee924f,Front St W / University Ave (2),43.6452972,-79.3827914,19
30,08d867cbed5f08addb01b714700eacf7,Jarvis St / Richmond St E,43.652777,-79.372637,19
31,09007b5f868cd54be0f040f9a9a75c42,Mortimer Ave / Coxwell Ave,43.690564,-79.326319,23
32,092cb5f641f627d7b43e321542ccc066,Dundas St E / River St,43.661152,-79.358505,18
33,0a28cd61ad950b8ebc49d08f1b3936ee,St Clair Ave W / Symes Rd,43.670042134416704,-79.4789424818056,15
34,0abdfc3177000757dcd71bd4c8b479ee,Yarmouth Rd / Christie St,43.67,-79.42083333333333,11
35,0ac5489c6a4750403c053598153880b0,Dufferin Gate - SMART,43.633473,-79.425679,16
36,0b153cb4fe7873b109e3068cf99dbf74,Symington Ave / Davenport Rd,43.6704403,-79.45328549999999,15
37,0b2ae1574d82434e8c8718f2ea074b40,Niagara St / King St W - SMART,43.64281323408372,-79.40751415588915,23
38,0b37f3729762e303e9cf92255f44e709,Madison Ave / Bloor St W,43.66701830465472,-79.4027958687172,15
39,0b3845b3ae55066784a10c891be2131c,Princes' Blvd / Nunavut Rd,43.6333523484014,-79.41436313073005,19
40,0b46fa9ccc3ac1fa00d279abd7e73df2,Kingston Rd / Scarborough Golf Club Rd,43.74531103700256,-79.20970650787817,14
41,0b5802ed91d7f19be521c0ea071c0f71,Harbord St / Grace St (Bickford Park),43.65995363518053,-79.41787388888551,23
42,0b85c7861c4c48a4cd4fe140c913da57,Alvin Ave / St Clair Ave E,43.68871,-79.39264,19
43,0c49d15e80cceca5feb5a2bc84ddc2f5,Chorley Park - SMART,43.6856,-79.3718,20
44,0cf5a51077c51159b5d6c8ed5b4c9db5,Martin Goodman Trail (Marilyn Bell Park),43.6314,-79.4304,31
45,0daa4477ec313c30dc3036f4bd45e0ba,Yonge St / Davisville Ave,43.6975969,-79.39654,15
46,0deaf45500eb93eeacff86adaafeb180,Berry Rd / Bell Manor Dr,43.63732,-79.489083,19
47,0e2fafe5a7b1683b6fd9b33654eec20f,Adelaide St W / York St ,43.6491919790139,-79.38363237427446,19
48,0e89e5d6c910f6df787cd9c903ade959,Lake Shore Blvd W / Ontario Dr,43.630254,-79.420317,35
49,0ebd7e4e7c35126cda830c1c67bb3241,St Clarens Ave / Shirley St,43.6486599,-79.4376413,15
50,0ec6c1acd2e8975a5a2d5ddfe6028115,Wolseley St / Augusta Ave,43.6484201,-79.40051919999999,28
51,0ec9fc6c92f35e65f603cd6e7c550f1f,Cumberland St / Bay St -  SMART,43.6704537,-79.39014,9
52,0ed2c0bb820523fc4d79b053e79fab5e,Overlea Blvd / Thorncliffe Park Dr,43.707555968595464,-79.34272024477463,19
53,0f3df9f84dd4ccb03ea340821f79fb59,Kempford Blvd / Yonge St,43.776857235099826,-79.4151161430729,19
54,0f4f8c9f5e6417a981fe793e43984158,Bay St / Albert St,43.653264,-79.382458,63
55,0f6db2aa8f96b5a7e102eb705b9ccc11,High Park Outdoor Pool,43.650154,-79.464934,27
56,0f773cf33d1731bf05d678ebb945021e,800 Fleet St (South),43.63670985212708,-79.40880517790985,42
57,0f9fabd3b11f238b817673ee0162a944,McCowan Rd / Trudelle St,43.74033901575211,-79.23935319629516,19
58,0fa15700b0d780b8f810ced06a01760d,Queens Quay W / Dan Leckie Way,43.636533,-79.395854,27
59,0faf9e7c7d5403b8f7dc7574fa6d0c6e,Roehampton Ave / Mount Pleasant Rd,43.70942,-79.39139,18
60,0ff8f31be644b9e2af6d38b89bf42c07,Niagara St / Tecumseth St,43.641389,-79.404444,15
61,100594f0c1240ddcfb94c20a7fc54492,Uno Dr / The Queensway,43.62649329992186,-79.50358167641535,15
62,103d15a731b9d215637c447fea0c7209,Oakdale Community Centre,43.74751496038769,-79.5132569853195,14
63,1053161189e46ea1c3122c94b644bc9d,Trinity St /Front St E,43.651318,-79.36023,19
64,10722d0c5054c529a0d71f9eb2c89f92,Summerhill Subway Station,43.681944,-79.390556,11
65,122f61f32933992b90325cf6b02de9d5,Sheppard Ave W / Chesswood Dr,43.755583971122874,-79.47446032684479,19
66,12481528bb8d296c8bc4014306f36afd,Bellwoods Ave / Treford Pl - SMART,43.65246,-79.413528,20
67,124ed44b13876f8019e356d76ba645ee,Swansea Community Centre,43.6438036,-79.4770327,15
68,125e730a6da5714af8567ae352485337,The Queensway / High St,43.630874,-79.482407,23
69,126121fbcccd20a50c8bd94206c7d81b,Esther Shiner Stadium,43.7774374,-79.4447096,23
70,12ff7c783a2e93510819802cd0d2c365,Rogers Rd / Watt Ave,43.68233679999999,-79.4680594,14
71,135f69ed3bde48aaf1d0006b4f080149,College Park - Gerrard Entrance,43.658938,-79.383518,25
72,13e6abf323682b291aadb3371ce32cc7,Carlton St / Parliament St,43.664524,-79.36793,26
73,1458ace78e8ffe65dd60c610007afe8e,Avenue Rd / Oxton Ave ,43.69711160305226,-79.40537298227844,15
74,146c961dd6b178771287133da0629eba,Spadina Rd / Austin Terrace,43.67883,-79.408723,17
75,147a0f1ac692ec386cfdbadbde2179a1,Hanna Ave / Snooker St,43.639547,-79.420022,15
76,14971ec1c8aa07165b67710a2afb84c2,Queen St W / John St,43.650077,-79.391291,23
77,14d5d7e0f5a8e23c9b50f62ea39f725c,Glen Edyth Dr / Davenport Rd,43.677778,-79.405556,15
78,15189ae9afda0ad927bce260b5aa0ccc,Eglinton Ave W / Gilbert Ave,43.69254716689966,-79.46332759272917,19
79,15b272ca422dbbafeb002f3a84d15436,St. Joseph St / Bay St - SMART,43.6658804,-79.38761010000002,20
80,15e76731635f7e3ac4484228bc8f60ad,Front St E / Cherry St,43.652686,-79.358395,15
81,15fc89637ebe1c3e63fbe123d70819ee,Jarvis St / Isabella St,43.668991,-79.379385,23
82,161ab27f7f32ba3232c688d388731574,Jane St / Yorkwoods Gt,43.7503016975738,-79.51577557434386,15
83,1630e350724cc062ba0e77e103728eac,Bay St / College St (East Side),43.660439,-79.385525,31
84,165388972f43146138b4f5180eead75a,Richmond St W / York St,43.650745,-79.383633,17
85,16658c808dda522274b99346e8f815fb,Roncesvalles Ave / Marmaduke St,43.650492,-79.450842,19
86,179e575503c062aa31a47c6f67d492da,Bay St / Bloor St W (West Side),43.669244,-79.3894,19
87,17b0d8ca1c69eca14d3173c15fa144e4,Queen St W / Spadina Ave,43.649147,-79.395504,11
88,17fadbdc5848036c8485099bbf517294,Davenport Rd / Avenue Rd,43.674991,-79.396273,11
89,1829fb7bd0a98ee2fc523f35ea417baf,King St W / Jameson Ave - SMART,43.63735795888104,-79.43617975886079,12
90,189995604737e19f1b76cd3a3ff3aff9,Queen's Park Cres W / Hoskin Ave,43.665221,-79.394009,23
91,18ea490ab3ca4d10e2927308416edbef,Edward St / Yonge St,43.656729,-79.382736,23
92,1918e84daa8c062201c45e029651d7c4,16 Riverview Gardens ,43.64883712159794,-79.48675294250663,30
93,195c1a917f697ab4b4fb52431e921423,Queen's Park / Bloor St W,43.668456,-79.393899,23
94,196146f920152f5d70175a14f0e88184,Parkside Dr / Bloor St W - SMART,43.654501,-79.460053,12
95,1993b48e5142184f347f9d517f120d03,Shaw St / King St W,43.6412561641921,-79.41502994047545,15
96,19997314e5dc85c591c39255f1081992,Havelock St / Dewson St,43.6554793,-79.4302462,15
97,199a939521be6324c802d8d50ebeb4a8,Kilgour Rd / Rumsey Rd,43.718039,-79.371914,17
98,1a0670e4e55fe4259c105c6803651334,Spadina Ave / Blue Jays Way,43.641705,-79.393295,30
99,1a68bd75d5159c7cc33367b97ee8ab8e,Glendonwynne Rd / Bloor St W,43.65182,-79.47421,19
100,1ac23b3d20ad003acf2f9b1f8a2f2f0b,Superior Ave / Lake Shore Blvd W,43.6146692,-79.4873148,17
101,1acb494034578036df5811294b853b12,2700 Eglinton Ave W,43.69074600637147,-79.47820143344333,43
102,1b853c3b515bbb20d04729c8059f08ee,Wendover Rd / Bloor St W (Green P),43.6492,-79.50601999999999,15
103,1c0219e93091b1027eda482f4a31ded6,75 Holly St,43.7063279,-79.3962499,23
104,1c3fe7eb55ecb4519e422313552760f9,Starspray Blvd / Lawrence Ave E,43.788525214554085,-79.1231844760227,19
105,1c756a37352a017e82b4f3d678d00590,The Pond Rd / Shoreham Dr,43.772445,-79.511912,14
106,1c83c4053d34442fe21bd7a52bdd012e,Adelaide St W / Yonge St,43.65038002325664,-79.3787277120385,19
107,1cc9575bb686fa4a3eb7f4afbdea5073,Lynn Williams St / East Liberty St,43.638925,-79.4168659,15
108,1d35b8fd44d73aabbb39f6e142ee3e7e,King St E / Berkeley St,43.651885,-79.3649,31
109,1d5a56319adf364532940f86be71ce4b,Royal York Rd / Mimico Ave,43.612063,-79.496573,20
110,1d827726987d707bbcd5562e02416b0e,King St W / Charlotte St,43.645572,-79.39399,22
111,1dd10befe3fa0d7d7ebc657b9a01942b,Russell Hill Rd / St Clair Ave W,43.685569,-79.408019,19
112,1e01daecd9b52d95d82346c5c81d2ba0,Harbord St / Clinton St,43.660414,-79.415646,15
113,1e5bc0c0a2797265956ee948d6dcd49d,Jameson Ave / Queen St W,43.63985,-79.43703,26
114,1e83030210b6666f3fe29bade92f1181,High Park - Grenadier Cafe,43.645599,-79.4657123,11
115,1e9a239336b30d755305f5041c582f05,High Park Amphitheatre,43.646251,-79.46472,23
116,1f5bb4fff3139fff3f927f1a4980dc1e,Gothic Ave / Quebec Ave,43.65389,-79.4675,19
117,1fe2e0ad1678ffaf965b10e03a08aaf2,111 Bond St (North of Dundas St E)  - SMART,43.656927,-79.378497,16
118,1fe5a5b385f60b3d539aea33f1b5ebb1,Grantbrook St / Finch Hydro Corridor Trail,43.780468305361154,-79.43280415488479,15
119,1fe6812cc638f0e5080113daa9a7d77a,Wright Ave / Sorauren Ave - SMART,43.646677,-79.442741,18
120,2037c7d47c8b7babcd2c4a058a66a6c8,College St / Borden St,43.6571,-79.4056,11
121,20671fface2f37dd6d2d4263534c29e5,Coxwell Ave / Plains Rd,43.69595,-79.328535,19
122,213541646a587196b1acb812a3d0a8ad,Lower Simcoe St / Bremner Blvd,43.64283,-79.38409,15
123,216ff915cee84c00ebe3636ee1bc40bc,Glen Long Community Centre,43.70820992643782,-79.45627808717194,15
124,21982c325ac8d5dcc146b350aa0e8298,Taddle Creek Park,43.66986,-79.398443,15
125,22cedcbf1b4580a7995f4e15843bd2ef,Bloor St E / Huntley St - SMART,43.671535,-79.379173,20
126,236729e04a979069b035a3070e608f6e,Gerrard St E / Leslie St,43.669813,-79.3335,23
127,237e73b6b68d9b4f9ce8dded10a8863b,Eglinton Ave W / Prospect Cemetery,43.69415,-79.45782580000001,19
128,2383fa5f5c21140fe68f8b6dda91a1b1,Maud St / Adelaide St W - SMART,43.6460145694434,-79.39960497726345,16
129,238f97722fa9fb7a59373178433ee0bb,Simcoe St / Michael Sweet Ave,43.652327224103,-79.3882538196087,19
130,2488c941ca12639d2852ad9cbba92626,High Park - West Rd,43.651922,-79.465693,23
131,24de23035684fccb1f588c7161489075,King St W / Jordan St,43.648928,-79.378623,11
132,254006acb0d0299f535d3723f656ae67,Morningside Park (Highland Creek Trail),43.779353,-79.193023,23
133,25609edbdf8f13143b34fb67e9205c65,Ellesmere Rd / Markham Rd,43.77682938751077,-79.2305003612381,15
134,2567d3e27e558c6e6ee94c289c838111,King St W / Cowan Ave - SMART,43.637922,-79.431734,16
135,25beb3f096bca69d14c865774e03b0e8,Trethewey Dr / Black Creek Dr,43.695498400279796,-79.48809394482672,15
136,25ed68a12f51be0066d864c77e780c82,Adelaide St W / Bay St,43.650152,-79.379856,23
137,263344f0b04caa421826eceaadd15697,Bathurst St/Queens Quay(Billy Bishop Airport),43.635492,-79.398253,34
138,263aaf39e6737ddc5cb3e161c79a2302,Brahms Ave / Finch Ave E,43.79236326442992,-79.35836318028717,19
139,26c9984a5ec1ea1e7edb7fafa8d1e6f7,King St W / Crawford St,43.6417852,-79.4131148,23
140,26edc0f88e4e012ab0d9930c725d5fba,Isabella St / Church St,43.66834,-79.38235,27
141,27b5be1cbbce21764b224e820c7f888c,Durie St / Dundas St W,43.665523,-79.484892,23
142,27e30ff4939a3992db39e99af9dfe172,Trent Ave / Danforth Ave,43.689293,-79.295895,23
143,2800c972b83e435cecefcdb95078e435,Marilyn Bell Park Tennis Court,43.633537,-79.437461,27
144,280ce4cfc4b101f3a8a08843e4a258d6,Cosburn Ave / Cedarvale Ave,43.697139,-79.31469,15
145,2889401ba82ea091cd0d1ecff6ab5c56,Joe Shuster Way / King St W ,43.64039672322004,-79.4237424131447,19
146,2904c293698dc248004b5f43e1a28f80,Sherbourne St / Wellesley St E,43.6673,-79.374,31
147,290fef611ea995910eb2d8e6dee93350,Lower Jarvis St / The Esplanade,43.6478206,-79.3704721,14
148,29f79e7d7e4440c7554a3f3e3bae4f88,Mallon Ave / Jones Ave -SMART,43.66587,-79.33443,16
149,2a56ebfe680276d40a591ef322457f70,135 Queens Wharf Rd - SMART,43.6399714,-79.39940399999999,16
150,2a68f05a1657d2a5537dac257cc1d734,15 Price St ,43.6799477790745,-79.38994813684005,15
151,2aedc79960408d746f43fb1d91bf7030,Jarvis St / Dundas St E,43.657266,-79.374756,27
152,2b2e280f715656fb630b59ec9a6d1e0c,Orde St / McCaul St,43.6580442,-79.3927404,15
153,2b4c28b78247a24037bcff2ad8fcc605,University Ave / King St W - SMART,43.6477785,-79.3847928,24
154,2bd06fb77a7734b960080c30c16fb190,Islington Ave / Finch Ave W,43.74445257991756,-79.56824985721664,15
155,2c32c6a2dbfb666ee51150ce15e1b9a5,The Queensway at South Kingsway,43.63632,-79.47307,23
156,2c429e9e841e213f875d2116cfab30e9,Roehampton Ave / Bayview Ave,43.711751,-79.378615,27
157,2ccced1dbd563c3842d265b565098de1,Phoebe St / Spadina Ave,43.650033,-79.396555,33
158,2cf04264d349d318f68193444d9c5ad0,Yonge St / Lawrence Ave E,43.7254665,-79.40115449999999,23
159,2d1d89a437dbc32634ba928744831860,Bay St / Bloor St W (East Side),43.66943,-79.38915,15
160,2d9b09d13ca6695d876ff08853469a24,Symington Ave / Dupont St,43.665538,-79.451263,15
161,2e10ae28a97f89714987729c5d93ebfd,St. Clair Ave W / Osler St,43.6739269797493,-79.46068479021301,11
162,2e19220f1e64559e88f3c48b3ebf2916,Bridgman Ave / Bathurst St,43.674444,-79.414722,15
163,2e3ac17daffcf4eac85216832f31a3b5,Davenport Rd / Bedford Rd,43.674446,-79.398331,15
164,2e6dd23e4dee03087c5e80f76cda5519,Queen St W / Bay St (City Hall),43.6517925,-79.38269509999999,23
165,2f10b834460965288d419163586f3f89,University Ave / College St (East),43.65995,-79.38964,20
166,2fe7046cdd8cc701a2240f52b9e8555f,York University (Glendon Campus) - SMART,43.727365488246306,-79.3814254607724,16
167,301eed3e90079c5aacccf8f091da64b3,Simcoe St / Elm St,43.656038841714505,-79.38970387738495,11
168,30c56fdec4d36ab0124297d6f0101490,Spadina Ave / Harbord St - SMART,43.6629228,-79.4018451,36
169,3122a652737603e022b2caaae2825ecd,Bayview Ave / Finch Recreational Trail,43.789068698639504,-79.39315096004944,19
170,316d458068c46859ff35dd87578ac14d,Keele St / Lloyd Ave,43.67115532642577,-79.46701597756929,15
171,323fcb6c6ca04b1cc1ca2b361adb3217,Viewmount Park,43.70735572654095,-79.43723072209013,15
172,32444ff0455dc908ae997a28379ebe7d,Housey St / Dan Leckie Way,43.63811,-79.397877,27
173,328543a3291fd54d24971108f96bb053,Ontario St / Adelaide St E -SMART,43.6535052,-79.3667689,20
174,32915794131e41a355ebee1ab9ad78fb,Clendenan Ave / Rowland St - SMART,43.66073,-79.47149,20
175,32960a552834227231a5394c338fb4bf,Slan Ave / Scarborough Golf Club Rd,43.77327261711258,-79.21971485277862,15
176,32b476b39dacc23dda545c39ffb549cc,Southwood Dr / Kingston Rd - SMART,43.678685,-79.297974,12
177,32b49dd6da901eac98ec2028f4447d71,85 Lee Ave,43.6700692,-79.2971326,26
178,32cbcb81d2d04a16ed2d1d2ed35220d4,King St W / Portland St - SMART,43.644395,-79.40065430000001,32
179,32f618847043b8011f80333b5e7ea8b3,Toronto Eaton Centre (Yonge St) - SMART,43.655431,-79.380653,20
180,33ec997a2ea47262cb99a5918f15691a,Sussex Ave / St George St,43.665304278965365,-79.39938263802871,15
181,34a94fc072487f4615b041d2b7a6c659,Baldwin St / Henry St,43.6560758,-79.393259,15
182,34ec939e3772ab6f8f9be4ae0c98f3a2,Donlands Subway Station,43.681114,-79.3373885,15
183,354bb1fec6b6bcc47b0f2632de2f270e,York St / Lake Shore Blvd W,43.641952,-79.380723,19
184,3586c281a5706af58a3e4d5d637e7bfc,Weston Rd / Sheppard Ave W,43.73262849415089,-79.5381993243286,15
185,359ce82fbe9d1e9e9962321e62f6066f,Spadina Ave / Willcocks St,43.6616667,-79.40138888888889,15
186,35e6b900925c8fbcb2d017597e746a81,Leslie Subway Station,43.77037892370793,-79.36702734195678,15
187,362434f77c0efeb50a5deb4ca9ce8969,Pharmacy Ave / Teesdale Pl,43.697356080874876,-79.28528711019696,19
188,3654ed1bd8516fddd2364502084cd01b,Lindylou Rd / Lanyard Rd,43.74845421407306,-79.5504039969242,15
189,365a0f49bf1c9b42c35b531688b9fed9,Blake St / Boultbee Ave,43.672453,-79.338259,15
190,3681db49ef2d337bfb035ab1ac33e2c2,Granby St / Church St - SMART,43.6614605,-79.37894570000002,24
191,36c244827ed3bd3ee314ab1d2781db2a,Vaughan Rd /Wychwood Ave,43.6882821,-79.4253856,19
192,36e4390d0f95acd44b5c85f49217d360,Spadina Ave / Sullivan St,43.65082785552666,-79.39698099821702,23
193,3754aff9599513c7ba4e4649ea3818dd,Jarvis St / Carlton St,43.66207,-79.37617,15
194,3787fcc5d521f5f5a12d7c15d8ce4d51,Mallaby Park ,43.706191092397106,-79.53262795581969,15
195,37b46f2e5573e69f5451dc09c0c14660,Bathurst St / Lennox St,43.663808,-79.410491,19
196,37b4b6822fe05d33d64c2a174a23a4ee,1303 Yonge St - SMART,43.6846177,-79.39245919999999,15
197,37c32c09c594b83701b3b8f6e32db605,Palmerston Ave / Vermont Ave,43.671389,-79.416389,15
198,3863dd61e00ea66710f789ae4297a2d2,Westmoreland Ave / Fernbank Ave,43.665327,-79.43235,19
199,38d3408bfdf5a321a15ae61358af4aac,York St / Queens Quay W,43.640132,-79.380464,57
200,3910976dfd5888140602a42b14637022,Gamble Ave / Broadview Ave,43.689211,-79.35438,23
201,391a459d2ca6e2c8eefa90736b2e9142,Howard Park Ave / Dundas St W - SMART,43.6521,-79.4486,12
202,3941abb3cf0f4b0fed316e0a2ed7452f,St Columba Pl / St Clair Ave E,43.70567,-79.310554,19
203,39f55e6a94e610893f32c72f4601cdef,Bloor St W / Huron St,43.667023,-79.401805,27
204,3a6af188aaae40c51d6ec8d22cd104d2,Bloor St W / Gladstone Ave - SMART,43.6602021,-79.4342726,12
205,3a73375ca8c3f3fc85b7b32ec080be5e,Greenwood Ave / Sammon Ave,43.68698672516659,-79.33478198280334,11
206,3afcafcea065abef8dd2beafcb78c7bd,High Park Ave / Dundas St W,43.6653032,-79.4701178,15
207,3b0ffacf6f626924fb61b0d6d578561a,Sunnybrook Park,43.720233,-79.362092,27
208,3b2853992a1700739c8fa569801e1c48,Danforth Ave / Ellerbeck St,43.677076,-79.35667,14
209,3b485775d2f902b5529790c4047dff24,1612 Danforth Ave ,43.68370788065334,-79.32262453633884,15
210,3b8388fb5baa35cdc62ea9a8f7bb5fd7,Finch Ave W / Wilmington Ave,43.77060244428048,-79.45997589178772,19
211,3ba9b248dbb5b0ffa30ec9807f14476c,Charles St E / Jarvis St - SMART,43.669604,-79.381171,20
212,3bfbe7d9edced07da6dd283495fb8170,Queens Quay / Yonge St,43.641646,-79.375308,47
213,3c09457be4ce775b0cd37e8b073f4ee8,HTO Park West,43.63737145931921,-79.38976958703309,31
214,3c7236f4a281b569b57f40c0bf29c4ca,University of Toronto Scarborough,43.7842419,-79.1849889,16
215,3c85f738ad60e03252f1d62fec2f34d6,King St W / Douro St,43.640885,-79.416379,11
216,3d13e32b7336dbe2c6b2190df3ba8600,Lower Jarvis St / Queens Quay E,43.64422,-79.36927,18
217,3d2b767a1af0d75059d1fd78079d1216,Keele St / Catford Rd,43.75919330632997,-79.49001046850891,15
218,3d38244751d3c44617f0066466a3bc7d,Brick Works,43.683884,-79.36647,22
219,3d71c9ff5bcbaad794a49115e11786e3,Danforth Ave / Dewhurst Blvd,43.680207,-79.339243,15
220,3db3e716f02f4035f98fc1f07a0fecd9,Kingston Rd / Glen Everest Rd,43.697490048103,-79.25655146462776,15
221,3dbd618c6fba43406cf1b8cf9165647b,Queens Quay E / Lower Jarvis St ,43.64392767366328,-79.3687301736982,23
222,3dccd3e0582902632ace3ada9481abb0,Vaughan Rd / Oakwood Ave,43.6926825,-79.441042,19
223,3df6faa6bc73f93a672aa3e3004434f0,Rushton Rd / St Clair Ave W,43.68114,-79.4277,10
224,3e05658e4bcad33e9d606744235dadcc,Queen St E / Alton Av,43.663912,-79.327987,19
225,3e8872d5357f08ebd702863ab04e913e,Torresdale Ave / Antibes Dr,43.77953,-79.45233,15
226,3edc56dee059aa412173733cc64004e9,Cherry St / Polson St,43.643320932767004,-79.35120948518066,23
227,3f09d8a338e4501752365339f106a1ff,Tangiers Rd / Finch Ave W,43.76376964130183,-79.48809242593383,15
228,3fb25e1f9d316b89f4ff0ff777fd3a53,Adelaide St W / Bay St (South),43.65011637593798,-79.37953068860327,15
229,3ffc414d28a17036998674a120f66c6f,Fort York Blvd / Garrison Rd,43.637381,-79.406112,15
230,403e402f8bb6453c515cfa5f3e8de676,Niagara St / Queen St W ,43.64572868466845,-79.40990680181771,11
231,4077bf05c083f50d09a52487fd234193,Cariboo Ave / Railpath Trail,43.66666667,-79.45833333333334,19
232,407c8fc47ef8f822af020375a4f7dc79,Davisville Ave / Pailton Cres,43.69933,-79.39199,19
233,40ab7c6b1ff67603bd8bd2a3a83a4f7b,Yonge St / St. Clair Ave,43.68850460000001,-79.39416076812287,19
234,40e171b076eee2cc9b8405f394f0ace7,Simcoe St / Dundas St W,43.655103,-79.389295,20
235,41466727730d71a0286376ef3675d282,Front St W / Simcoe St,43.6442,-79.38702,27
236,419d42f093b90ba03bd31b21039ff5f0,Mill St / Tannery Rd,43.652219,-79.354455,27
237,41b880ed1fe29761e25d4e3a492b563d,Dundas St E / George St,43.6574766,-79.373446,25
238,41c3e6d3bf3bd993e7d56e22084ab5ee,Front St W / Yonge St (Hockey Hall of Fame),43.646144,-79.377962,47
239,41ead9c9a4a83459161794bfb1894c07,Church St / Lombard St,43.651678,-79.375233,17
240,422a936ddcb551dd9f26ec313a450057,Augusta Ave / Denison Sq,43.653766,-79.4016759,15
241,427a1106d58263dd1af25b459ea419b1,Grenoble Dr / Deauville Ln,43.71649675774656,-79.33089439933623,15
242,42fd6840fd4d296944709870c6b07d83,St. John's Rd / Dundas St W,43.66526761605873,-79.47502122887077,15
243,4334c988ef1798a678b8c1f7278cbc63,Millwood Rd / Southvale Dr,43.70241717215276,-79.36175932936095,15
244,438406694750984faa317bc6b1f3f909,Dundas St E / Broadview Ave,43.662365,-79.351104,19
245,43e5df21054d20adc56c6aa3544b5980,Dundas St W / Edna Ave,43.657192,-79.452559,15
246,44bdbe8a2ac75fbe4cc0edf41fe1d4fa,Frobisher Ave / Lascelles Blvd,43.696708,-79.40045,19
247,44d245c021bcfb69fed5e4b088d60dd5,Eastgate Cres / Pharmacy Ave ,43.7110442448186,-79.29127313845584,14
248,44e60e088e0130eb438a3c64cd6074e8,St. Andrew's Playground Park,43.646552,-79.399586,11
249,4504736e6ccb393e9f89000f91479688,Roxton Rd / Harbord St,43.65905,-79.422988,10
250,452241fc4e912119f006a20b4b0099cf,Ossington Ave / College St,43.6544915,-79.422634,11
251,452b30fbf0fc84eedbd3a7723bdafea0,Sixth St / Lake Shore Blvd W,43.60116229109828,-79.50416046627045,15
252,455237ee758de316844bd61287671f23,Dufferin St / Queen St W,43.64309687937765,-79.42875613770637,15
253,4554bff3fec1ef83e9013637ec3e95e3,Yonge St / Sheppard Ave E,43.76128605777495,-79.41071644205269,18
254,45be3a2b4a327ff6abac542ddc406738,Davenport Rd / Bathurst St,43.676667,-79.416111,15
255,46bdd4a2b7715a9e32917b830777f17f,Havelock St / Dufferin Park,43.657343,-79.43112,19
256,46fbf9a39e05b9dc59aa953a0b867ab2,Bellamy Rd N / The Meadoway,43.76507271818177,-79.23835381614684,15
257,4704fb679220b3879edfa3a853d55fbd,Sunnybrook Health Centre - L Wing,43.72268,-79.37644,15
258,479d21ebdac47eb8e30a209268e0bebe,High Park Blvd / Parkside Dr,43.644887,-79.45641169999999,15
259,482006b8f83e7802372448cd4dbd463d,Teddington Park Ave,43.732975,-79.40401,15
260,487f2f445a917af1d4fecb653ab5323a,Scarlett Rd / Old Scarlett Rd ,43.678276306636576,-79.50667332401198,15
261,4898d236bceda7c4cb9430c896669537,Blythwood Rd / Yonge St - SMART,43.716652,-79.399993,13
262,48a626ef3a6cfbbccdaea283ce5901c6,Runnymede Rd / Annette St,43.6596299,-79.4799176,15
263,48f8a355073b35f8720761c96f77d86b,285 Victoria St,43.656633,-79.379625,39
264,49021f20833894e3dbfaea4fb6e7a9dc,Eastern Ave / Winnifred Ave,43.6592088,-79.3348396,15
265,4a1203492305451d3154777c392532f3,Ursula Franklin St / St. George St - SMART,43.660296,-79.397107,16
266,4a491c94c9b46d3b7927b72a3bad0ab6,Guildwood GO Station (South),43.754978,-79.1971289,11
267,4a5734eee8c1c49197ffe9b992dd032a,Clarence Square,43.64407,-79.3929,23
268,4ae37f3bddfb819954a15143d277dbd9,Eglinton Ave E / Brimley Rd,43.736952572933866,-79.24798367249146,19
269,4b13a471170e0768fe5e1ca0b30fde8d,Front St W / Bay St (South Side),43.64595,-79.378761,19
270,4b5b510307e10e878321a5eaa419c976,Jimmie Simpson Park (Queen St E),43.6605603,-79.3437663,15
271,4b7f75302d4eec9130e1e486ba486571,Alma Ave / Gladstone Ave SMART,43.6448617,-79.42822,15
272,4bb6616d228bef48cacf56e55952d22c,Jane St / Weston Rd,43.69144464414302,-79.50154583869246,14
273,4bb6659976fc4aaf5a141c488a405a00,439 Sherbourne St,43.666051,-79.374161,47
274,4c18c44e6f93e57321d327124945cb19,Mary McCormick Rec Centre (Sheridan Ave),43.6475,-79.43305555555555,15
275,4c1ee1ccabcd1c9eaca449e5b3bbbb6f,24 Mountjoy Ave,43.6808774,-79.3304491,19
276,4c9eb7bf1d6f6464b60956afb4cb7bc6,Church St / The Esplanade,43.6469251,-79.3733192,18
277,4cb41f3ebdb86acc404a0c2683aa1920,50 Overlea Blvd,43.707225,-79.345324,15
278,4ce279295f87f42bab37bb1e47448630,60 Broadway Ave,43.71024429599603,-79.39578744603273,23
279,4d985c0489e4b123e499fcaa4b70e32e,Queen St W  /  Fuller Ave - SMART,43.640255,-79.439223,16
280,4d9f7ef78ba9859e04d259c1567d1d61,Windsor St / Newcastle St,43.6171635,-79.4971065,31
281,4e05be8f079a2d69eab3123bd5009561,O'Connor Dr / Curity Ave,43.707582,-79.311439,14
282,4e5712234feb60f46fff461ab136e147,Humber College (Lakeshore Campus),43.5961692,-79.5160575,27
283,4f03e7ac82921279681bd76037161d92,Eglinton Ave W / Oakwood Ave,43.69705023028765,-79.4437599043325,15
284,4f8770c2a0ee3962babd83913df2e99c,Bay St / Charles St W - SMART,43.668153,-79.38891,20
285,4ff88d5880e71aa40d34cfe5d09b0ca7,Primrose Ave / Davenport Rd,43.67142,-79.445947,15
286,501cea9e754b07ac8713b850ea9b13f2,Ted Rogers Way / Bloor St E,43.671293,-79.380471,23
287,50d8ed93a01d05c04298300fe52b5ac7,Lake Shore Blvd W / Colborne Lodge Dr,43.63771,-79.458173,27
288,50dc0fcbc5a62a2cc676ada21ede905c,Weston Lions Park,43.698841,-79.519472,27
289,51987cd2ab0d05eeb2f79bcb596e348b,Oriole Pkwy / Kilbarry Rd,43.6954486,-79.4026176,19
290,519ee649fcd1ad28beade12953db3732,Highfield Rd / Gerrard St E,43.671771,-79.324961,19
291,51b68c27e90e2382f36125320adc6e52,Grand Avenue Park,43.623708,-79.490054,23
292,524590c5d3e31674dbdbda29cf6a13c6,Church St  / Wood St,43.662712,-79.379903,27
293,5282337e262f025cee74afaf2659b223,Bayview Ave / Lawren Harris Square,43.6548521,-79.35397680000001,15
294,52d497af695140c759b28d7bf63e94f4,King St W / Bay St (West Side),43.64852,-79.380576,38
295,531aa6a10312c51ffdf8a58608a29c5a,Bloor St E / Parliament St,43.671946102001826,-79.37245115337294,19
296,53fc6d540a0eac8fb9f5366572e53515,128 Sterling Rd - SMART,43.654004,-79.444792,20
297,543865bb3e4e09a051a0cb31322af71e,Jane St / Lawrence Ave W,43.702340220597975,-79.50347389514123,14
298,54e891116c53e9cd15e6433fe530b43f,519 Church St - SMART,43.6668334195837,-79.38120391054117,12
299,5539f3700e4ce9e5701353a667924538,Ossington Ave / Bruce St,43.64570236705167,-79.41933192053696,15
300,558270f5714fec81ad57e09729ffb761,Islington Subway Station (Aberfoyle Cres),43.645658591546216,-79.52339938954925,15
301,55a100afdce605b59cf4acbefcdf3213,Spadina Ave / Fort York Blvd,43.640114,-79.393249,23
302,56275b952451bea6cdc0a9e666ea363f,Vanauley St / Queen St W - SMART,43.648437,-79.39838,12
303,56ff366ef56862dc34e4df414568d4b0,Howard St / Rose Ave,43.671278,-79.372127,19
304,57b827c6b26680677f9210d912f842ee,Brooklawn Ave / Kingston Rd,43.721761400691236,-79.2359137196434,11
305,57f2fc67a917b973ca7f31a994e0c63a,Salem Ave / Bloor St W,43.6608333,-79.43166666666667,15
306,581459af76a94b051df1437a2c641d05,Gunns Rd / Lavender Creek Trail,43.675531973168354,-79.47199740066374,15
307,58552451576cd8799835941c8aad17ce,Lake Shore Blvd W / Bathurst St,43.63675592256874,-79.39920538954927,23
308,58c0d439a59414e5e23bf5021e264d79,Front St W / Bay St (North Side),43.646162,-79.378912,11
309,58d6f7db09c9e2f543e26eca10ea7cb6,Greenwood Ave / Gerrard St E,43.67036917803197,-79.32782698645094,15
310,58dfa00434a5fb645fdd0107c68a2302,Trethewey Dr / Jane St,43.697417070558615,-79.50079830912324,19
311,590ee60a35daf82a56b4c92cd237a9d5,Don Mills Rd / Goodview Rd,43.785346474479695,-79.35362921031188,15
312,59c65f9b8ad030535168838f871d5895,25 Booth Ave,43.6544839,-79.34105699999999,23
313,59ebd8c24f539c66f2fa4f178e75eb0a,Danforth Ave / Danforth Rd,43.69362206784152,-79.27710529695892,15
314,59ef2a57efd0caf7727dbb6451bb8808,Lake Shore Blvd W / The Boulevard Club,43.636731,-79.444966,19
315,5a0b70488e83a9220011c89551d6a7de,Thorncliffe Park Dr / Leaside Park Trail,43.70400405297843,-79.34807015078738,15
316,5a441560e262305d1934fb3ada5a9517,University Ave / Gerrard St W (East Side),43.657763,-79.389165,25
317,5a8fe1484660abfcce2e64d4009ad519,3220 Bloor St W,43.646186757495194,-79.51762536747455,38
318,5bed66406f7431f8d4d8542d107225ea,Cosburn Ave / Durant Ave,43.6935477,-79.3301658,15
319,5d50213748a35f8c70977b69abac0ef3,Marlee Ave / York Beltline Trail,43.70163,-79.44099,19
320,5db77b72334a7b8823a28662a03f8e38,King St W / Bay St (East Side),43.648575,-79.380042,18
321,5dc890e084bc63659659eb43adf210f5,Bloor St W / Balmuto St,43.66981064282057,-79.38801106873031,11
322,5dd14c8888280d1274f6ad3e04f6d6cd,Claremont St / Dundas St W,43.651281,-79.411717,12
323,5e41d051a93e4087fc80e372089dbd6c,HTO Park (Queens Quay W),43.63796,-79.387502,27
324,5e8bf46c90fa957882beddfb6625870b,Charles St W / Balmuto St - SMART,43.668427,-79.38725,24
325,5e955f1219b3ebaf906b808073da5e1e,King St W / Brant St,43.645102,-79.39744979999999,22
326,5ee5f79fc51737623d425310eb0bf02b,Lawton Blvd / Yonge St,43.6910667,-79.39535,15
327,5ef85e20443d6510beb1604c56a32dab,Grenoble Dr / Vendome Pl,43.715537998967406,-79.32811427663442,11
328,5f02574f10f8ec2871df512546cf6f65,Chiltern Hill Rd / Eglinton Ave W,43.7004017,-79.4275305,17
329,5f06c49f182da959fa0f03e746fc2e4a,14 Arundel Ave,43.6784834,-79.3513564,25
330,5f6ec96dda864a01fdf0c031b6a1b6d0,Antler St / Campbell Ave - SMART,43.664182,-79.449066,20
331,5fc306e019cf6a10e5f8096acfc2c910,Keele St / Ingram Dr,43.698706949666914,-79.4756586460327,15
332,600672c7f313e01de8bab00cbee9e7f4,St Clair Ave W / Castleton Ave,43.668496,-79.485426,19
333,61291082be03c77f92f883b95292557a,Emdaabiimok Ave / Lake Shore Blvd E,43.662771,-79.315223,15
334,6140f3635573c8910f854df84e633837,Highview Ave / Kennedy Rd,43.702418581463505,-79.2563167072858,15
335,6149c879e83069dd940e71f9f790d336,Emerson Ave / Bloor St W,43.658739,-79.440691,23
336,61b868926458c2406053b0bf2f81dcd6,St Clair Ave W / Oakwood Ave,43.678177,-79.435364,15
337,6228f42d28032bf18c0a7f9411df5fa0,Bellamy Rd S / Kingston Rd,43.7323277855009,-79.22496619876934,19
338,624be8411d63932754479f0b710eaa97,Queens Quay W / Lower Simcoe St,43.63951,-79.383717,19
339,62a1c39596c3d512dfa04f1d29b81035,Fulton Ave / Pape Ave,43.68395,-79.347046,19
340,62acc308c0f93ff09d28e06c73afc3ec,165 McRae Dr,43.70587454662511,-79.36800595602851,15
341,6324bfdba808f6b7eab4f2d396eb42ea,Union Station (North),43.645808552646564,-79.38054652324743,16
342,63503c4a279da64285452d1e676c6c37,Church St / Shuter St,43.65505698168995,-79.37651024603271,14
343,63bd4b8df49c2c98f24ccdc469487ae8,Spadina Ave / Bulwer St- SMART ,43.649354475273796,-79.39675713332855,12
344,6523971b87b918d7d1d2a16e4b78ce3a,Crawford St / Lobb Ave,43.64654941401018,-79.41558900317995,22
345,65aefd1c1484ebd15a7827285971734e,Dawes Rd / Taylor Creek Trl,43.696631,-79.297436,19
346,667cd54aa27ec06620753f3d19a78b3d,King St W / Stafford St,43.6422222,-79.41111111111111,15
347,6755b11b689afb7a950dd730b383a542,Florence Gell Park,43.66196582326018,-79.49851065277862,15
348,675628c054189e3bce23785d6574a24d,Orchard Park,43.66908,-79.3149,19
349,67862da2d3680a6eaa417b8ce2d945d4,Carlaw Ave / Strathcona Ave,43.6753188,-79.3462789,15
350,680a0b51862cb1e5a1cd965a824d0dd9,Armel Ct / Albion Rd,43.721532966873205,-79.5455834809678,18
351,68185cf4a510f34c7dd396bb2fb7549a,Danforth Ave / Aldridge Ave,43.684758,-79.316767,11
352,685abb6b7df0fc0b474505ef5e2663fe,640 Bloor Street E,43.67468857448634,-79.36701962396272,19
353,69dc0257a4d3a1dcd5af06dc3b4eed8c,Alton Ave / Dundas St E (Greenwood Park),43.66745,-79.329408,23
354,6a4d3e7625cc41d49674986b994fc5e1,Finch West Subway Station,43.76521,-79.491281,23
355,6aa469025f8c5ff029052fab35bca1f4,College St / Major St,43.6576,-79.4032,15
356,6ac9cdf0b92883715b404d41c779af0b,Bathurst St / Adelaide St W,43.645324,-79.40345,25
357,6b2b4eddafec569d19118f473bda9718,Front St W / Spadina Ave,43.64235480340359,-79.39519751877137,19
358,6b344a9f4d6c85f7a5f4dbd25dbb2cc3,Bartley Park ,43.72211166436462,-79.30864830919265,15
359,6bd88200486000a93cc1ca5b78bc5ba9,Weston Rd / Lanyard Rd,43.748713,-79.541808,12
360,6cdafdc1db0f73b22c3fd462fd984805,Woodbine Ave / Lake Shore Blvd E,43.665645,-79.304711,27
361,6d07f3c1d79ff6816c5c04a7def6e6eb,Metro Hall Plaza,43.645859,-79.38783,27
362,6d45f03d18059ba5e61f0d44a0cea59d,Ossington Ave / Bloor St W,43.661705,-79.425734,11
363,6d6c301acbd12264042475dfd0e0e1e3,Annette St / Jane St,43.658574,-79.487246,15
364,6dcfe452d8f993c37296c024dcebf398,Princes' Gates,43.63467323676012,-79.40897321886649,17
365,6e0b53806a9d068b042fa21bd67c5418,Gould St / Mutual St,43.6582,-79.3768,29
366,6e21dd07c568ac71711f1358b58c7f3c,Bert Robinson Park,43.688028,-79.460265,15
367,6eaaf36cd079d08d973fdf24e217aa3d,Portland St / Queen St W,43.6476,-79.4015,15
368,6f5d2f1ea5a0702ceb169480117ac9fd,Bay St / Wellesley St W,43.664088,-79.387095,35
369,6f7157a5846ff850e7e5b9f6b8b450c4,Lansdowne Ave / Seaforth Ave ,43.642904395956684,-79.43746059447746,12
370,6fcf6974fe1a08b20ab7f70d70da6cb0,200 Bloor St E,43.671561,-79.38117,23
371,6fd025b50c54cb8b8f23e861b54e5938,King St W / University Ave,43.64781808540915,-79.38427999073791,18
372,70222e00b684e247dd3f982cfb268e2e,Fleming Cres / Bayview Ave,43.707045,-79.375437,15
373,70545fd5398e7b4a94d43d12b274e415,Scarborough GO Station,43.7170472128686,-79.25461030789113,22
374,709a2d134b022632c50a0a7601762715,Eglinton Ave W / Venn Cres,43.69143920681119,-79.46908634795456,19
375,70ad303e74f93aa2bfaea256b9b09753,Bleecker St / St James Ave,43.669232,-79.374495,23
376,70f4c2f125f887140a39865c643b83e1,Spadina Rd / St.Clair Ave West,43.683979,-79.410657,15
377,719e676d739529c8d5da8bb89c5c8678,Danforth Ave / Warden Ave,43.6950192,-79.27180659999999,15
378,71a36c7931dd3e936ec5ae13637b683d,Eglinton West Subway Station,43.69867103968614,-79.43680738560357,19
379,71bf1ff10731929ec44b9dcce72edba6,Sentinel Rd / Finch Corridor Trail,43.7641485,-79.5012809,27
380,71cf95ad04d0a455045bcc030c7dd282,Bloor St W / Dundas St W (2),43.64285244644315,-79.53199489206543,15
381,71debce521f35fd4e280e8ee1e2dd8cc,80 Clinton St,43.656296,-79.414663,15
382,71ecba080a7e19ebfb8dcde4964a5277,Sunnyside - Gus Ryder Pool,43.637894,-79.454823,27
383,7217236fd8a18e75df0b026ba219f2ac,Widmer St / Adelaide St W - SMART,43.647547634759206,-79.39155200496292,12
384,722489dd6bf1f264c874454cf3f3f56a,Pacific Ave / Glenlake Ave,43.65716,-79.46478,22
385,72de8a8e0a0966768f8115d755532e4c,Rosedale Park (20 Scholfield Ave),43.682645,-79.377557,23
386,73555343619c6b9d1253029204bbd5cd,Beverley St / Dundas St W,43.652823,-79.393388,31
387,735f71a11ab473f25860d7366582a5fa,St Clair Ave W / Winona Dr,43.680466,-79.432522,11
388,738cf12a45b36f443d7585aa9d55e3a9,Concord Ave / Bloor St W,43.66189,-79.42679,15
389,7398115d8ae10074445ef787822317dd,Lower Don River Trail and Taylor Creek Trail,43.7027268,-79.33368089999999,19
390,73a39d0e39f18c0201caac2def38140f,Lake Shore Blvd W / Legion Rd,43.62052630763223,-79.48320224237995,19
391,7461a94289f2956b380e5b7684b56a1e,Morse St / Eastern Ave,43.657991,-79.340075,11
392,74c5097816c80c01188e97b00e93a4b6,Temperance St Station,43.650945,-79.379498,55
393,7598cfd1da04463554587807fee08a3d,Moss Park,43.655972,-79.370638,15
394,75b9fc3e9bf42a5d26fa1393d9ce72ed,Rosehill Ave / Avoca Ave - SMART,43.687999,-79.38906,16
395,75e99d6d359bc2d11479941e6f9279e4,Gerrard St E / Nasmith Ave ,43.66273618779861,-79.36253100740966,23
396,760056e88951946d2f3e9bea859333eb,Garden Ave / Roncesvalles Ave,43.643769,-79.447915,19
397,769a6cb25850b809d38c7a2620731b1e,Glencairn Subway Station,43.70925763810859,-79.44169105036657,15
398,778b6d674fa920334fdf2f007088aa3f,Exhibition GO Station,43.6352007,-79.4187711,14
399,77d773b9a22a3e2a912a636d4ab89a54,Wakunda Pl / O'Connor Dr,43.71602024377182,-79.3047092517501,11
400,77f9f2420581968255251d9f26c78024,Regal Rd / Dufferin St,43.673939,-79.441159,15
401,783ccbdc54ca4c13ca0b1aeb6812c6fc,Empress Ave / Yonge St,43.769395456625546,-79.41266521769707,19
402,784016bbba7f7be920647e7f8ec00251,Logan Ave / Gerrard St E,43.6672144,-79.3452697,23
403,786a216c74ede38763e705b21c0284e2,Leslie St / Commissioners St  ,43.657275497390124,-79.32661544194183,19
404,789f216e52af17d73307365401bb9109,Dundas St E / Regent Park Blvd,43.660207,-79.361275,27
405,78a43fc13829a61f8db0c57c96572266,Eglinton Ave E / Redpath Ave,43.7078691,-79.39248,31
406,78ac4436b3398ac55b47569863af6c41,Bloor St W / Christie St,43.6638889,-79.41888888888889,19
407,791f66f190e1848c7eeeaf8b937e304f,Sherbourne St N / Elm Ave,43.6752732,-79.3778458,22
408,7978548b201c5c5ab2421bc2906bc446,Woodbine Ave / O'Connor Dr,43.699281,-79.318802,19
409,79b67fbfd130d41c9162e805a9e755be,Danforth Ave / Lamb Ave,43.681991,-79.329455,19
410,7a271c4cbc993e06ac677f78d5b6ba4b,Shaw St / Essex St - SMART,43.667076,-79.425116,15
411,7a666ee6c60a7f8ffec9334924d36c6a,The Well,43.643025055165865,-79.39430137761319,19
412,7a86196b811f1b13212052f5cd37e692,Elwood Blvd / Avenue Rd,43.707049,-79.40966,23
413,7a991edc2d9d2d07b57ce906af4e0c1d,Cherry St / Lake Shore Blvd E,43.64827015761016,-79.35651733677065,15
414,7b4755b8ea7caf158967d13b0ea2a32d,Eglinton Ave E / Brentcliffe Rd,43.714305793017544,-79.36089045040129,15
415,7b4afdd09fb5ccb59e99e3a0a6a539f3,Cedar Dr / Eglinton Ave E,43.744208202155754,-79.21564636613158,10
416,7b645bb451744c620f391544a625888d,Keele St / Dovehouse Ave - SMART,43.7494501,-79.4869662,16
417,7c6f64117f740f5dc9114ebfb26a6247,Barton Ave / Howland Ave - SMART,43.66842,-79.410585,27
418,7cf109e173e4734690f71b81a35ac57d,75 Thorncliffe Park Dr,43.70518328279426,-79.34224729962946,11
419,7d618ea2f2211a41fac619c2c9bb261f,Elizabeth St / Elm St,43.6570908165693,-79.38593668834272,23
420,7e1ef79ac24de4ac7eded230e7caeff4,Second St / Lake Shore Blvd W,43.60191488118503,-79.49941888654288,15
421,7e8db6cca9980f9b6daf293197f25fc4,Queen St E / Rushbrooke Ave,43.6626628,-79.3323698,15
422,7f15a95a0104437a73d574be76cb4158,Gerrard St E / Malvern Ave - SMART,43.685221,-79.294766,20
423,7f29cbdced0d217c129cc9648f1becbe,Danforth Ave / Barrington Ave,43.688325,-79.300463,15
424,7f5ae543870ee8917aaa5022234c5e0b,Tecumseth St / Queen St W - SMART,43.646552,-79.406468,8
425,7f760f7680dae3ad47ef0821337c8366,Scarborough Soccer Centre,43.7154661,-79.2876595,19
426,7fac6bfdffa0a7b4ff8a3f1ebd78da81,Sherbourne St / Carlton St (Allan Gardens),43.663102,-79.373181,17
427,7fd76f809d5ecd73a67a4919b7a8ad5e,Fairglen Cres / Weston Rd,43.70876747477083,-79.53445192394257,11
428,7ffd06e0207f80fe1ff6b5ae0bb0544c,Yonge St / Aylmer Ave,43.675492,-79.388858,23
429,804d113fb2dbc6b44947189e9e8bff7d,Beltline Trail / Yonge St,43.6962302,-79.39504339999999,23
430,804d33486cc649ec8fa4f1ef762caf0a,University Ave / Richmond St W,43.64981903446256,-79.38641270251617,14
431,8078f553106f543301e06cb4942063c0,Bloor St W / Old Mill Trl,43.65016869999999,-79.4963345,19
432,812af6af42e905fac0cafcf05146f3ba,Fairmount Park,43.6765897,-79.3163022,19
433,81449d406b64d7d94f71f69d5bac9ff2,Victoria Park Ave / Edge Park Ave,43.717678679534906,-79.29961580314475,18
434,81d6569b78463553d6b5594e8af1b0dc,Markham Rd / The Meadoway ,43.77121894873629,-79.22956526983644,19
435,82051b9dc79b4b401acc0872abc734a9,Central Tech  (Harbord St),43.661975,-79.407896,11
436,8227765aa9d7a960abddcabec4194956,Victoria Park Ave / Dawes Rd,43.706466,-79.29511,19
437,82748c8c8a714dd216bcd4c636585556,Thompson St / Broadview Ave - SMART,43.659471,-79.350325,23
438,82ed418366566fcf8ea2b4d761f4e60e,St. George St / Bloor St W,43.66713121831853,-79.3995550638237,17
439,8362e07e9e4d9c67eb283cae15684c8e,College St / Markham St,43.6563888888889,-79.4091666666667,19
440,8402cda81d70fbc893e5337366df8d58,Queen's Park Cres E / Grosvenor St - SMART,43.661803,-79.389682,16
441,843602f3de2dc3c06cfacd5bf0a1a0fe,Ling Rd / Morningside Ave,43.766663817888656,-79.18521765344238,17
442,843dcb87ce2ddb002d2b2900a5418355,Yonge St / Yorkville Ave,43.671944,-79.387778,17
443,844d02b2b7dfdabf7bd044c3edf050d5,1 Market St,43.6469928,-79.3706665,20
444,8485289697ef258129b2437308511fcb,Davenport Rd / McAlpine St - SMART,43.673768,-79.391253,12
445,84dc7d9185e88915466d12f23fe07753,Midland Ave / Kingston Rd,43.7128578,-79.2487086,19
446,84e8e3827807916c9c3ac9b60404346d,Firvalley Ct / Warden Ave,43.7032112,-79.2787149,19
447,8504eb2e3b8e6dd069ad9568894fa9ad,OCAD University,43.65231552304792,-79.39091185000235,23
448,8517a9c8716fe48386963ae0a6524f5a,Galbraith Rd / King's College Rd,43.6603874468082,-79.39537831814152,17
449,8536b57314846d3b42645c0023e6e60d,Christie St / Benson Ave (Wychwood Barns),43.68,-79.42500000000001,19
450,8618a0bee94ec84f5c5bbe1e6b16b02e,Portland St / Wellington St W,43.64290167152932,-79.39937033134326,15
451,86207afc6caf1d9931468449070c148e,697 Lansdowne Ave ,43.659221843735615,-79.44277410244676,23
452,874e1d59bdb3978cb298f29d50969582,University Ave / Pearl St ,43.64836809385241,-79.3853510232788,19
453,87722dd793400f7a61a96a59b9133e4f,Annette St / Dundas St W,43.6641174,-79.4588522,15
454,8799c470baa28d22cc44e4efd611aef5,Parkcrest Dr / Kingston Rd,43.73596719224253,-79.21995221481933,15
455,879f0d4ef4403ab902e541528bf329f6,Macpherson Ave / Spadina Rd,43.675791,-79.40698,15
456,87d46b73463abc1b9a3331e1dd75e78f,Lawrence Ave E / Don Mills Trail,43.73458185912293,-79.35485399272919,19
457,88160dbfae368327ec39ecb0df145055,Albion Rd/ Arcot Blvd,43.727621709316395,-79.55254902939286,15
458,888212c5d33ceed5acbab77b4e544689,Richmond St E / Yonge St,43.651838,-79.378743,16
459,88ede41a08aa08dfee94f811a9834e1b,Birchcliff Ave / Kingston Rd,43.691688,-79.265027,15
460,89a0071a8f7f69a70263dd5c0d9d64f5,Randolph Ave / Perth Ave,43.6585504,-79.4497659,19
461,8a4d335d5540e0c2132ffdb1def165f6,Bathurst St / Fort York Blvd,43.639179,-79.399595,19
462,8aa5c061e4ae37e2e05b05d04afadc2e,Jane St / Bloor St W (Jane Subway Station),43.64976,-79.48477,15
463,8ab6f991fa3032ee2a20b1d34d50be01,Dundas St E / Boulton Ave - SMART,43.663148,-79.347938,15
464,8b49ce875b451df6dbe4fb4667acb3bd,Amos Waites Park,43.613606,-79.4883535,27
465,8b5819a5a6fb1ea79521a607ebb0a5ab,King St E / River St,43.656784782853144,-79.35627385059036,15
466,8b95bdc7ca8373821bef770b8f074c6c,Lansdowne Subway Station,43.65922918158098,-79.44320901022282,23
467,8bd81a9fcb43f04a9b8f80996312e61e,Twelfth St / Thirteenth St,43.6002896,-79.5108692,22
468,8c4531a1d91e5583aff9759a5aedb46d,Oak St / Sumach St,43.6617908,-79.361515,27
469,8d65a48806e799a8c2d5dcb77e97c1cb,Berkeley St / Dundas St E - SMART,43.658816,-79.367318,20
470,8db545a0135f7b92022fbdbbc75af6c4,Bathurst Subway Station,43.6666667,-79.41166666666668,23
471,8db5b143b08ea1fed85f0702fcfe01ec,King St W / Fraser Ave,43.6394444,-79.42527777777778,15
472,8e40f60a48a909297b4114be18956d5c,Dundas St W / St Helen's Ave - SMART,43.6504218,-79.4407647,26
473,8e671c6621816f2d0003b23c0bda5e08,Kingston Rd / Warden Ave,43.68824135931814,-79.27046628033244,15
474,8e7a7ed4aca59d5a9bd6606d2b3b5d08,Cruickshank Park,43.7023860650084,-79.52594758324148,15
475,8edab3e1635f0c58731ab002e3f0bc85,York Mills Rd / Lesmill Rd,43.7549215557014,-79.35174838465576,14
476,8ef3bc5ab6805d2c5411023f4318d778,Dufferin St / Bloor St W,43.66083333333333,-79.43583333333333,23
477,8f1ec0b715c806c73e96db74922ca163,Pioneer Village Subway Station,43.77649016265579,-79.5085364909097,11
478,8f8af40d9388c8a3962559e8681d3db7,Church St / Alexander St,43.663722,-79.380288,35
479,8fa4c8b1ddf121e11c9745205bc18c01,Riverdale Park South (Broadview Ave),43.667819,-79.35347,15
480,8fc44e8a98df79c9c41e04c531551a25,552 Birchmount Rd,43.71176278859601,-79.27028152889692,15
481,902166580532f7d00f212aa701fc88b1,Shaughnessy Blvd / Sheppard Ave E,43.77351462694018,-79.35306224113921,15
482,9052dabe138fde46f56ee3a693b040cf,Jane St / Finch Ave W,43.759292283169536,-79.5183741465576,15
483,90753b36d53f9713816264fff0eb5cba,King St W / Wilson Park Blvd,43.6372958,-79.4423237,19
484,908b17c0d06011373777bace0a3cd74c,Beltline Trail / Chaplin Cres,43.704461,-79.423122,15
485,908d3c912d6d67c7a5e2bb94d1ae7df3,Howard St / Sherbourne St,43.6712581,-79.376367,31
486,90d36d6e81fff926a434e196e0a43d53,King St W / Spadina Ave,43.645323,-79.395003,19
487,90e1949054880d582ccee0b0ae9ce5d5,Benshire Dr / The Meadoway,43.76174092019504,-79.24473961415558,11
488,90ec8d1df4740c1de95c087a11617c47,St Clarens Ave / College St,43.651238,-79.43868,15
489,910e92b9e361308bb305c6780fce822f,11 Spadina Rd,43.6677246,-79.4041365,18
490,91331f197a2a03da271fe7fe46c52f1c,Brookdale Ave / Yonge St,43.72991999271573,-79.40372719797139,16
491,9144e4fe1b004cd29d1f4a056a3542fc,Victoria Park Ave / Kingston Rd,43.68035,-79.28357,15
492,91b75f5884eca61cded2a3da80a6dc2b,Palmerston Ave / Dundas St W,43.651603,-79.408346,23
493,92291585d153499d1b34f2471d8ecf9f,Strachan Ave / East Liberty St - SMART,43.63906470236988,-79.41080996164456,24
494,9239e6ede8fefff4cde18784c4dd82b0,Tommy Thompson Park (Leslie Street Spit),43.65222662225532,-79.32295440954084,31
495,930fc2c3022a32bc6dd52b46ed095697,Eglinton Ave E / Mason Rd ,43.742037440522616,-79.22488680080262,11
496,93699b431ac46c9e98b3b1c74cda8e95,Livingston Rd / Guildwood Pkwy,43.747854,-79.199327,19
497,93727b82ed700768aa9695d49140f6b3,Polson Pier,43.641675,-79.354006,23
498,937a6d6b325ab59d5e0047f4b8eeb0ac,Cherry Beach,43.637764,-79.345359,48
499,940aa4a33247df5ea989d1b07e125e5d,Little Norway Park,43.635023,-79.399505,22
500,941a4749a64f58b21da983a2c679ee40,Heyworth Cres / Kingston Rd,43.6750806,-79.3068697,19
501,9447917367c25ac832d404c1a4696615,Hillsdale Ave W / Yonge St,43.7029672,-79.3979073,15
502,947c5660ee75d790b7db219013ea64e7,Christie St / Dupont St,43.67168,-79.421192,19
503,9522f94ed6253c90336abf00346620aa,Opposite 1103 Leslie St,43.72093164598881,-79.34989416350709,19
504,9703f67f16a349591949e76da3714b61,Elm St/ University Ave (East Side),43.65637299999999,-79.38781039999999,17
505,973748f7f27229b41ca0d2a96dea777e,Queen St. E / Eastern Ave,43.667208,-79.312315,15
506,97416e3d0063fa4952e8e667f7a6de08,75 Tandridge Cres,43.729578273586064,-79.54699793872719,15
507,9780f1af94b192d3fd4a7791b1272653,McRae Dr / Laird Dr - SMART,43.70979296822595,-79.36389214460489,24
508,9796c16b7ac90260d9f033ba4735acea,Gerrard St E / Broadview Ave  - SMART,43.665656,-79.352055,18
509,97a0a3eefa88468c8389efa6bbbd2f50,Yonge St / Bloor St,43.669969,-79.386532,19
510,97b424e77042aeb9a491f1e6bb11c14b,King St W / York St (2),43.647968822765,-79.38316961352653,19
511,97db697b7ef7a4de9ca17b9bd037e80f,Lisgar St / Dundas St W - SMART,43.6493472,-79.42668,8
512,9951452d4d7b06a7090aad89d539aee1,College St / Henry St ,43.6591529,-79.3947953,13
513,99585d4f6ec47a797c42027b8c246d25,Sherbourne St / Isabella St,43.669576,-79.375961,19
514,9a5a9a00b6f0cb77047f37e70887d891,Yonge St / Alexander St - SMART,43.662862,-79.383572,18
515,9b4e0bb0559e97dadfd7e2989b5f9b07,Fort York Blvd / Grand Magazine St,43.63758782904466,-79.40314232209015,19
516,9be5f078a1ed47fc11cd3cee45260f63,Kennedy Rd/Ranstone Gdns (Jack Goodlad Park),43.74190570940633,-79.27181887640458,15
517,9c009c161f6266165386889055afdbd6,Dundas St W / Prince Edward Dr N,43.660324268765464,-79.51154350422973,19
518,9c10c5f861261da626f9707ada4e8e04,Royal York Rd / Lake Shore Blvd W,43.6029904,-79.4926867,19
519,9c273cbe285ff5d1a12e3736a77fa9df,Armoury St / Chestnut St,43.65351799690878,-79.38591063795928,14
520,9c2e322a9d2bd1035e3f607f96152a98,King St E / Church St,43.65003919999999,-79.3733541,15
521,9c5267129912b44d3d8c91094256f1e2,Humberside Grounds - SMART,43.65917,-79.46997,20
522,9c5b6e6af1002ebba73b6be3039e78a2,Lower Sherbourne St / The Esplanade,43.648655,-79.367061,27
523,9c6584773f4f7697e589824f5c44c6aa,Symes Rd / Glen Scarlett Rd - SMART,43.673391524931525,-79.47798367814572,16
524,9d145fd59618d68dab06dba1c8900fe9,Bloor St W / Riverside Dr,43.647663,-79.487583,23
525,9d4f1f5d63ed3e297fc737908616f617,Goodwood Park Crt / Dentonia Park,43.694826,-79.295208,19
526,9d62413fcaba8ee2d11737b28e8651be,Dundas St W / Crawford St,43.649722,-79.416944,47
527,9d7e8386839f9d834777d1cf0a8482c1,Amroth Ave / Danforth Ave,43.6856128,-79.31168269999999,19
528,9e69637f78eb0df524d0ac37abb4c431,Downsview Park Subway Station - SMART,43.753107,-79.479626,20
529,9eb5acc897b27515ad12ee8fade63062,Strachan Ave / Princes' Blvd,43.635,-79.4088888888889,19
530,9ee0fa9e2c3afc338a74a6b49af02e41,Alameda Ave / Vaughan Rd - SMART,43.690903,-79.4375028,16
531,9ef86145c59278200a90a5320302202e,Sheppard Ave E / Leslie St,43.77114830031903,-79.36381166455688,19
532,9fa8f250a5b887af9cda8df6931f2eca,Merton St / Mount Pleasant Rd,43.697819,-79.38786,23
533,9fcbcd2e313ddf16bc7200bede80e9a6,King St W / Tecumseth St,43.64333333333333,-79.40555555555557,19
534,9fd381407b51a700753caec17607a127,Simcoe St / King St W,43.647508351306186,-79.38604436555764,15
535,a0100ff8f210b72706e06b4c31a329fe,King St W / York St,43.6480008,-79.383177,21
536,a0582ad73e21704a28197ee3c0aa4bcd,Mill St / Parliament St,43.650256,-79.36163,15
537,a09c67c0b419654d907c9134b108e328,Queen St E / Rhodes Ave,43.666224,-79.317693,23
538,a0a11d15c4bd8231d739f71d85a8f29c,Gerrard Square Mall (1010 Gerrard St E),43.668553,-79.338673,23
539,a12d9002aaf2ad0f0f14c3952bd5e0ef,Jane St / Haney Ave,43.6743457123134,-79.4948437786083,19
540,a220d0b29e5010aea56e73e86f7174b2,Talbot Rd / Finch Hydro Corridor,43.78225298110634,-79.42367062831116,15
541,a249bee44425dc2b5c2f384a00a59f33,Davenport Rd / Christie St,43.675278,-79.423889,27
542,a2e02c044b1d003adb0993f8da78ee58,St. George St / Hoskin Ave,43.6637403,-79.39806449999999,15
543,a2f8dc99e24a4f75d8d8f3f98efbc535,Felstead Ave/Gillard Ave (Monarch Park),43.6791345,-79.3263159,27
544,a3246dc710b72e282aabc15520392d98,Lumsden Ave / Cedarvale Ave,43.693187,-79.314283,9
545,a385b32a5f6b3de23ce3def7f59ecbc1,Jarvis St / Maitland Pl,43.6647688,-79.3772602,17
546,a3860ef7a1996bfe83863f7086adb77b,Livingston Rd (Highland Creek Trail),43.7561681,-79.2026694,19
547,a3b086193addf34b55e0cf3919bda84f,Hawksbury Dr / Sheppard Ave E ,43.76816239444779,-79.38312075158996,15
548,a3eb9012fe995bffeef3b7d02cfffbd1,College Park - Yonge St Entrance,43.65988,-79.38279,25
549,a4e9775f52cd109d87faa6d5de6a395a,Birchmount Rd / Kingston Rd,43.69401297794256,-79.26257204548136,15
550,a5335524ed584ab69a729361e55483aa,Richmond St W / Bathurst St,43.64666748425228,-79.40299591349182,15
551,a558e5fb7b283d40286ff45d4f2d1d9f,Kingston Rd / Ridgemoor Ave,43.70643614257429,-79.25104443353288,15
552,a5836251279be7a7699855d904f4ddf0,Mutual St / Shuter St (Arena Gardens),43.6559476,-79.37558829999999,19
553,a61c1c53028dc937958291979ad82de8,Mabelle Park,43.645389479325615,-79.5276822170925,15
554,a6e98c52c1541c26efb19ef524a95247,Lake Shore Blvd W / Seventeenth St,43.59841926031898,-79.51561102394257,11
555,a7060ce11ef209bd9f6905ab5bd50a34,111 Broadview Ave,43.6593483,-79.34993659999999,18
556,a70fe5dd2fa91d6c13d66b5415e9740e,Colonel Danforth Park,43.7777114,-79.1659711,19
557,a73d255f1af70c61f91b4bbf216054ec,Spadina Ave / Adelaide St W,43.6472019,-79.3953394,15
558,a76d410d56c1dadfbc8960683df209e2,Joseph J Piccininni Community Centre,43.675648,-79.4527619,19
559,a79d5810f694370a821fd385145cb109,Exhibition GO (Atlantic Ave),43.637695491830144,-79.42023184193503,15
560,a7ca61373064c6581461132f1ae050de,Broadview Ave / Westwood Ave,43.6848652,-79.356602,23
561,a7cdbedefded6e117505bde22c24ef84,Western Battery Rd / Pirandello St,43.640075,-79.414156,31
562,a8d19e5a065743874f30fd9cc5322947,Gordonridge Pl / Danforth Rd,43.72729077290258,-79.25237907196654,15
563,a93e2f7df07b08d45c3ae0a1502c184c,Bathurst St / Front St W,43.64134790000001,-79.4013882,35
564,a943462e1ee05f0073b647a5b787f81d,Queen St E / Nursewood Rd,43.673831,-79.281455,19
565,a96febb839b2b9bb6b6faee220f3f8c1,Kingston Rd / Markham Rd,43.73878438927323,-79.21746485700835,15
566,a9f7723da0cc432f4d057e3ceede292e,Danforth Ave / Gough Ave,43.678401,-79.346289,24
567,aa101867125c9cc13920e34d881f86b2,E.T. Seton Park (Eglinton Ave E / Leslie St),43.715951,-79.351246,27
568,aa44f34bf848cea7d5570c51697d8ac4,Brimley Rd / McCowan District Park,43.72704086366749,-79.24391402446746,19
569,ab463b4b4fbf00bbfbe972989481ed7d,36 Park Lawn Rd,43.62369169999999,-79.4838132,15
570,ab92855299769ca50b1354e489b31a31,Simcoe St / Wellington St W North,43.6462176,-79.3855048,15
571,abbcc3b45ad10472c3ec35ce3fb6e078,Humber Bay Shores Park East,43.6308933,-79.4722622,23
572,ad299c229e85bba5b84af14933cfac77,2300 Lakeshore Blvd W,43.61868,-79.48674,15
573,ad7565976931b367a241a27523e47830,Wellesley St E / Jarvis St,43.6662047,-79.37901219999999,22
574,ad95eee599a96b92c9849bfa5044bba0,Howard Park Ave / Parkside Dr,43.648657,-79.458111,15
575,ad9a0a7d4c0962118233d4a59d480c06,Ramsden Park,43.676184561302776,-79.38962496400146,15
576,adaa360374ea04ae057eba2ca7ba3e5b,Sackville St / Eastern Ave - SMART,43.653809,-79.3595,12
577,ae77752fa855081311919ad282b18482,Willingdon Blvd / Bloor St W (Green P),43.64817,-79.510392,15
578,aec7195bb028b992ab8536f51c7d37f8,Niagara St / Richmond St W,43.64534,-79.409597,42
579,aed73d18bad350cbb28c6f04cfb4cd2a,Simcoe St / Pullan Pl,43.65105290412541,-79.38764943227872,31
580,aeeb1fa2ea65f1492a523f0477de71d7,Dalton Rd / Bloor St W,43.6662942,-79.4066433,15
581,af0a7227a67fe55fb0c12597326e6b3b,Yonge St / Dundonald St - SMART,43.665801,-79.384796,12
582,af162c388a1da1d4a0a13e8dfdaff905,Bond Ave / Don Mills Trail,43.74475834253035,-79.35348069940567,19
583,af7fe7debf2e8521bcdd991c1bd0b6be,Grenoble Dr / Gateway Blvd,43.71513211098082,-79.33413623320465,14
584,af8ef901117705bf69e591e81d28a15f,King St E / Victoria St,43.6495789,-79.3762096,19
585,afa3ff2218a5d1817934c7c7c7bb5d19,Kendal Ave / Bernard Ave,43.671513,-79.408317,15
586,b01afd080bfe7a9ae061756b868ef9f0,Oak St / Sackville St,43.6613642,-79.3641171,19
587,b056610271f25cd1743a9702ef699451,Hanna Ave / Liberty St,43.638608601636705,-79.41965437361068,31
588,b076c918fa10b274340bcdb0f0bca1a6,Kendal Ave / Spadina Rd,43.670318,-79.405181,9
589,b086f4ccca33b1b976b40abe69b78d42,McGill St / Church St,43.660694,-79.379052,19
590,b1378d745af2e60fe542370cb6374226,Lynn Williams St / Pirandello St ,43.639124514797004,-79.41423166721611,17
591,b1555f2b6ec614b9b7337a3670717f14,Coronation Park (Martin Goodman Trail),43.635007,-79.403341,19
592,b1685246ce6cfe5b9d621a1991c3cedb,Waterfront Trail (Rouge Hill),43.778015,-79.131911,19
593,b1ab2925abdc520ac548b7e700077bb9,Walter Saunders Park,43.699327072589426,-79.4493630391668,14
594,b1bb117ee97b3fef3ac3b57ae12329f8,Broadview Subway Station,43.6772,-79.35858,15
595,b1c628d5509021c582f104bc3089e514,Beaty Ave / Queen St W,43.6393107,-79.4408141,19
596,b20ef84c05107095581cdd50b2bb4a2c,East Lynn Ave / Danforth Ave,43.6850809,-79.3149901,15
597,b24ec0083f9a6261ba6212d69cd28f2c,Humber Bay Shores Park / Marine Parade Dr,43.626265,-79.476723,63
598,b29cba584424066f83f374b2c3fe1780,Wilket Creek Park,43.720645,-79.355474,27
599,b3786025b3e4a46d9a21d6b82087cd12,Balliol St / Yonge St - SMART,43.6978701,-79.39419,35
600,b3ac9ac4dba9aff36e24ba60b6171308,Ursula Franklin St / Huron St - SMART,43.660274,-79.398049,20
601,b3fca97a4a4308fefb648b6815e3907d,Cherry St / Distillery Ln,43.650279,-79.356832,15
602,b4462a2daef20c76a3ff7c53326f10e4,Ellis Ave / The Queensway,43.63855,-79.46693,18
603,b4e20439535ceebae999cba2f02789eb,Ulster St / Bathurst St,43.66,-79.4088888888889,11
604,b5012608da25a66be2fe79465186ff62,Hayter St / La Plante Ave,43.6591666666667,-79.3855555555556,23
605,b542b8a95776fceb86045c831303a7cd,Lisgar St / Queen St W - SMART,43.64299174164139,-79.42355911563249,20
606,b5473ba8329a31e18dfbc5067cf61369,King's Mill Park,43.64920406876699,-79.49336334201408,27
607,b59204ea6e3eaa8ade44469b0cd3703e,Richmond St E / Jarvis St Green P,43.652634,-79.374222,16
608,b5ad1157fda3b700cc6d0ffcd32295bc,Rogers Rd / Bicknell Ave,43.68189526215492,-79.4736382392868,23
609,b602b86a935450f8aae69903762d466e,Soudan Ave / Yonge St ,43.70430959999999,-79.3972815,19
610,b621c72d79bc4d5df4258a78fa83412d,Ferrand Dr / Rochefort Dr,43.719632535237835,-79.33199950866776,19
611,b63112d639d75af6c2e5481df147cf77,Yonge St / Orchard View Blvd,43.7083577,-79.39886200000001,35
612,b64e9d0701f0c67b654468e6bfdba32a,East Liberty St / Western Battery Rd,43.6392777,-79.4115736,19
613,b6d40ee32ed292000bf19c2bac7846b1,Yonge St / North York Blvd,43.76726589934926,-79.41263489814757,23
614,b7461d8effda846e2f78dfbee059c433,Lake Shore Blvd W / Thirty Ninth Street,43.5927419,-79.54033009999999,19
615,b7850948607474362d3728f19a77fdff,Euclid Ave / Bloor St W,43.664467,-79.414783,19
616,b894ec8d0d8ab0f3a9bf708ee4c90d14,Dundas St E / Parliament St,43.659575,-79.365769,15
617,b8cb26c3827d563e60826e8d8ddb8865,Lisgar Park,43.6423847,-79.4240277,35
618,b8ce9f7014a12acd13872c96630dc107,Lake Shore Blvd W / Long Branch Ave,43.59445833196281,-79.53387390859834,11
619,b9577c38f2c7d4f54016f5a46d48a333,Lillian St / Soudan Ave - SMART,43.70607287248461,-79.39356161653288,32
620,b960be1eba97f5aefc6ad39ecc93cb11,Cosburn Ave / Donlands Ave,43.690537,-79.341307,19
621,b97fe36c9f29990955a8b64d6be5f602,Luttrell Ave / Danforth Ave,43.6897656,-79.2939525,15
622,b9968838980358b9b14c03e5894fd3e9,Jane St / Queens Dr,43.70673804962302,-79.50477543802873,15
623,ba4fc8dd224feedb2762d341bf58916f,Bloor St W / High Park Ave (High Park),43.6535269,-79.4650569,23
624,ba979c39b60f1144fc9dd91faaeeea64,Front St E / Scott St,43.6476616,-79.37549,11
625,bac1dcd28fcdff0438987edfef742154,Queen St W / Dovercourt Rd,43.6438602,-79.4227573,11
626,baedec3042f7094d0564ef8a1295e5d8,Lake Shore Blvd W / Ellis Ave,43.635932,-79.465083,19
627,bb30daddc7221e19cffecf3ac108f28c,Dundas St W / St. Patrick St,43.6545174,-79.3895315,19
628,bc0aa12455a97e86cf1be415300027db,Yonge St / Golfdale Rd,43.732016,-79.403637,15
629,bc19a4e6924e29937e76c9e82b55584c,Ossington Ave / Harrison St,43.651111111111106,-79.4213888888889,19
630,bc86932eec20796276a7f8f4171eac2d,35 Erindale Ave,43.67729,-79.35741,23
631,bcf5ea04f184984e5cbd8571527636ff,Adelaide St W / Strachan Ave,43.643253094827294,-79.41230469904167,15
632,bddba04ef520aac97fd1897fb4bcfda7,Duncan Mill Rd / Valleybrook Dr,43.76167125342455,-79.35258302698364,15
633,be2b9ca08b33ec742028063154706378,The Kingsway / Ashley Rd,43.66279594478841,-79.51959827976225,15
634,be39936af5ab6b60d98a2d6756387909,Northern Dancer Blvd / Lake Shore Blvd E,43.663162,-79.309765,26
635,be90e51f9b29e31ae1d40a8dea028dcf,Weston Rd / St Clair Ave W,43.673019,-79.467994,19
636,bea74af3bf338f6416944906b4b99d01,Albany Ave / Dupont St,43.67348899977229,-79.41339520555726,15
637,beb87ea54499f95a614653924c99b9c4,Concord Ave / Dewson St,43.656945,-79.424911,17
638,bf413030081fe6f86c21b6412f4e4e1a,Dufferin St / Finch Corridor Trail,43.7724019,-79.4675395,19
639,bf59891d338ebdd311b6d839cdde77b8,1525 Dundas St W,43.64957,-79.432446,15
640,bf5d4d14e7619f5ff51e264e4095cc4b,Princess St / Front St E,43.650297574961044,-79.36648460341635,14
641,bfa44ca6c3c167b3a804a93fc1f0ce36,Pharmacy Ave / Danforth Ave,43.6929478,-79.28339980000001,15
642,bfe199383cd6a1bb69ec0a92a4900918,Scott St / The Esplanade,43.64659663170443,-79.37530913867988,19
643,c0538b0581a59e1e7321a382b5ab17ab,St Clair Ave W / Gunns Rd,43.672079,-79.470171,23
644,c08362564d4889e345bfaaa42da5fb4f,Sorauren Ave / Geoffrey St - SMART,43.649172,-79.4445087,16
645,c0cb4d9e138defbdefd1f862cf2bd095,Downsview Park Blvd / Keele St  - SMART,43.73673829262113,-79.48227195568086,20
646,c102428e69ec84dd803fd2f51b8cfc83,Winona Dr / Davenport Rd,43.674923,-79.430465,11
647,c1375239981cfc9b3934e691cb9013bb,Bloor St W / Manning Ave - SMART,43.663912,-79.416124,42
648,c147f315755b1b1e79467fab3aaf3cb4,Gerrard St E / Victoria Park Ave - SMART,43.686962,-79.286864,16
649,c1704a7eebf0bff8016166d14fe130bd,Toronto Inukshuk Park,43.6323994,-79.40978179999999,45
650,c1a843f198dd5b944533f5b53672a120,Mount Pleasant Rd / Davisville Ave - SMART,43.70088225686968,-79.38736016665911,16
651,c27d6b38deaf954439fb6fb0f7542045,Finch Subway Station ,43.781877158752955,-79.41528502874928,19
652,c295cbebffb5a75457753b09e4408790,Scarlett Rd / Clairton Cres,43.67597251709289,-79.50582129577026,15
653,c4077147fd13aa009cb7f1a59b0f8178,Willcocks St / St. George St,43.662085,-79.397735,15
654,c452eea1e95d474e6f1b7ea545e79d1b,Queens Quay E / Lower Sherbourne St,43.645215,-79.364898,26
655,c497911a9c04bebbbc32e5211c081f85,Bridgman Ave / Kendal Ave,43.675556,-79.410278,15
656,c4a01864ecb66e9b1ee3023d3205a281,Langford Ave / Danforth Ave - SMART,43.6800218,-79.3405681,32
657,c53d12128be1f1022c4b78518cca7675,St. George St / Willcocks St,43.662452744495575,-79.3978384219513,35
658,c5d93c53f764429eff87446fec9c4067,Eglinton Ave W / Ennerdale Rd,43.695032348609836,-79.45302971031188,15
659,c5db2e6382e20bec3e404aaf7ea89ccb,Wallace Ave / Pauline Ave,43.6632257,-79.4397052,17
660,c627928483ecb6ae00b50fee53d608d0,Lonsdale Rd / Spadina Rd,43.688526,-79.412903,15
661,c6970dbdfda7b8de482a4f593ed5e4f8,Roncesvalles Ave / Fermanagh Ave,43.646314469245205,-79.44879407014527,19
662,c6bd34bb3023288b5e87df2d3cbb5f43,Warden Subway Station,43.71161098023304,-79.28055565662231,19
663,c6f56ec0831b791abbce0992adba6318,Riverdale Park North (Broadview Ave),43.671172,-79.354704,15
664,c765943cac057b6cac0946eff428bf5b,Victoria Park Subway Station - SMART,43.6940155,-79.2889842,20
665,c7948cf5155f3ddaefa9a8279f203b5a,Queen St E / Berkeley St,43.6552778,-79.36583333333333,15
666,c7cbc921ca5b8310e7218ca5669ad83f,Queen St. E / Spruce Hill Rd.,43.672571,-79.289,15
667,c835abf1540e63c50d5a879e5075387e,Gerrard St E / Main St,43.684261,-79.299332,22
668,c845b03b2ffaa03ebba13b5c61da3af2,Bay St / Queens Quay W (Ferry Terminal),43.640978,-79.376785,34
669,c89b262c82b9b2107a954987d36ad4a3,Wellesley Station Green P,43.66496415990742,-79.38355031526893,23
670,c8cc2df4c8343778481f7f7c53499df7,Baldwin St / Spadina Ave - SMART,43.654905,-79.398448,20
671,c9395d274aa197587eb89f34e68e262a,Tyndall Ave / King St W - SMART,43.638426,-79.429142,16
672,c955acbcda8513471837f2aa55a98fb1,Front St W / Blue Jays Way,43.643473,-79.390477,15
673,c95712a6fe0babf73cb9da2c05889749,Gerrard St E / River St,43.663993,-79.358534,10
674,c9624aaf955b7fb236dcf2c8443c8fe9,King St E / Jarvis St,43.650325,-79.372287,25
675,ca19ceffb308e52cc30e908f7dd57475,Bay St / Harbour St ,43.64215,-79.377,23
676,ca51ba7bcedca409fb2d0425ea483922,Thompson St / Carroll St,43.65907064983235,-79.35240134225845,19
677,caaae4774b6109797d93ebd6994de203,Hillsdale Ave E / Mount Pleasant Rd,43.70512126615395,-79.3890271081274,15
678,caae67595976983dc8c383dc592180dc,Bloor St W / Kingsmill Rd,43.64927890131737,-79.50312995581972,11
679,cbe534069a63b87576e1da9b51fd0d72,Don Mills Rd / Fairview Mall Dr,43.77888550790407,-79.34837169762268,15
680,cc1432c52b1e87a738180d369ed1136b,Berkeley St / Adelaide St E - SMART,43.653359,-79.365023,12
681,cc38e99861bed2afea72ec6211fecdbf,Front St W / University Ave (1),43.6451635,-79.3831757,19
682,cc5bd0485cb1b99156098277af99641f,Danforth Rd / Birchmount Rd ,43.70688,-79.26850999999999,15
683,cc7e6e95bcbf7963105e167439b37f4f,Dunn Ave / Queen St W,43.639522754211804,-79.43395976815727,15
684,cca065ea85fe108c99c68759adf859ee,Braemar Ave / Eglinton Ave W,43.7041957,-79.4094472,15
685,ccb82af3c137b126999a511eaead0f38,John St  / Mercer St - SMART,43.6461,-79.3895,12
686,cd1365da833091487f8bb6167af3b51c,800 Fleet St (North),43.63682856154585,-79.40884160367011,43
687,ce6e330ba7f61e0453dc1567eaa02745,25 York St – Union Station South,43.643667,-79.380414,11
688,ce859f15ba2d468882ed2ed78703f4b7,Lawrence Ave W / Marlee Ave,43.715552692740914,-79.4461544565374,15
689,ceb52586adc7097b47183068a3d24862,Nelson St / Duncan St,43.648711,-79.389728,30
690,cf1adac21d23e26855ea06278b5cd149,Essex St / Christie St,43.6686111,-79.42027777777778,19
691,cf43a77e34066db8b926a42b49814963,Eastwood Rd / Woodbine Ave - SMART,43.676216,-79.309395,14
692,cfcbfa258711beff217aa9d929a3a3ea,G Ross Lord Park,43.7781116,-79.467963,19
693,d00c14c6cffc4b0fb30239ec2410232c,Briar Hill Ave / Yonge St - SMART,43.713524,-79.400162,16
694,d04f206f6afecb72f5821586d56f5071,D'Arcy St / McCaul St - SMART,43.655227,-79.39201,16
695,d06ed2c21f6ff4e4cbc77b64e65bd801,Crawford St / Queen St W,43.645665,-79.415345,19
696,d0a8478c786cb2480de4fcecda844781,Queen St W / Ossington Ave,43.643975,-79.419576,31
697,d0d1e35af38818e4f0d4ce2e983ddb67,Albany Ave / Bloor St W,43.66554144421798,-79.41010317605742,14
698,d0d6832dcab19b3cb35c2474d2e8c088,Bloor St W / Shaw St - SMART,43.662403,-79.423098,34
699,d0f019574616cb2bce86924059a4c0f8,York St / Wellington St W (2),43.647043061824,-79.38314120681535,27
700,d10b85cd917407519f2491252a022a01,Lumsden Ave / Eastdale Ave,43.69413548199171,-79.30058718775287,20
701,d16798795a3beff0c7f297cee88deb70,Parliament St / Aberdeen Ave,43.665278,-79.368333,15
702,d18724327840a287a10b260d5b3e0b3a,Driftwood Ave / Finch Corridor Trail,43.7603624,-79.5162777,19
703,d1bac3c8125c67909fa2e4a3cdf6b409,Keele St / Annette St,43.66402,-79.46418,15
704,d1de2ddc0ea8a90d00ff717ad60a2f23,Lower Spadina Ave / Lake Shore Blvd W,43.638497,-79.39192,19
705,d21421de2283d1ef48895cf1810b0200,Temperance St / Bay St,43.6506,-79.381285,23
706,d24c01668df7f8e972f3e5980bf1fc6e,St Clair Ave W / Robina Ave,43.68005,-79.43469,15
707,d2505c265a6e749d5d2be70c140f029d,Colgate Ave / Carlaw Ave,43.6623658,-79.3413344,19
708,d254a626d4a3dc53f0a64ddbf1cd1baa,Park Lawn Rd / Berry Rd,43.63605238134247,-79.49325238769686,15
709,d2ce6ae839b7df2c912ab140253a5574,Lake Shore Blvd E / Leslie St,43.659195,-79.329196,18
710,d2f0ec399af3589a8fafad2b8e3b3f05,51 Parliament St,43.652169,-79.362841,19
711,d310230182f10034968c97f0c799ee0b,Emmett Ave,43.68735514096443,-79.50623313806341,19
712,d3d5e47613709a32ec074cecc17419d9,York St / Harbour St (Love Park),43.64101663053319,-79.38035903750381,15
713,d3e1a4057d9bf7c31c216017a0f1989b,Bloor St W / Dundas St W,43.6563889,-79.45166666666667,15
714,d44a49765bc28c4e8f29edd8cb694294,Humber River Hospital ,43.72537884183677,-79.48719674218903,15
715,d4a6d354b4b0a76a98414b54f7e12a15,60 Carl Hall Rd - SMART,43.74796393423666,-79.47521217354125,20
716,d4c9a3af6604468422edfb03f56462db,Bay St / St. Joseph St,43.665527,-79.387499,14
717,d52672d5cddbb77befa3d5d448fc2534,Yonge St / Dundas Sq,43.655766,-79.3802,31
718,d54842ca6cc3a96c8ebbd4101c620e66,Bay St / College St (West Side) - SMART,43.660087,-79.385655,16
719,d60491c58bb95d6ddefb1f1b1ac3f56f,Amelia St / Sumach St,43.66852,-79.363525,11
720,d6a9daee68070a8b106cfb598d81308c,Bond St / Queen St E,43.653236,-79.376716,36
721,d6bc7298aa11006015119e2e237ce83d,Mill St / Cherry St,43.6513927,-79.35794659999999,11
722,d6d49f7d4ddb2cd466938a1b424c1412,Noble St / Queen St W,43.6424558,-79.4296346,15
723,d70594ad9c923bbbae6602d2dff4d154,Church St / Dundas St E - SMART,43.657024,-79.377257,20
724,d7068d4e8b75b5de3cacc529691f159a,Arlington Parkette,43.69105005197055,-79.43281746494293,15
725,d7227eafd0ff8024632b2c9cef1f209c,Mortimer Ave / Carlaw Ave SMART,43.685167,-79.34962,12
726,d747893c66003f215b8502161eb40f5e,Kingston Rd / Beech Ave,43.680095,-79.291714,15
727,d7bb48a755f69109f6584df0a207c9b2,Rusholme Park Cres / College St,43.65277778,-79.42972222,15
728,d7f5003913919e1bbf6fab87fb02a163,Boston Ave / Queen St E- SMART,43.661601650964336,-79.33894582857273,12
729,d81d4d6231b9da01ba7f3d6e50728ca8,Augusta Ave / Dundas St W,43.652473,-79.401456,15
730,d8c6779ffdcc8889412fd4c9b0a08c35,Hocken Ave / Vaughan Rd,43.6817346,-79.4184725,19
731,d8db167197846ff7cbe59c9a35aed587,12 Harbour St,43.6425636,-79.3762,15
732,d9103bade315662e56fbbc902b342ee6,St Clair Ave W / Caledonia Rd,43.6754247,-79.4547813,14
733,d926a243600989278d9df1e9156a8ac5,York Recreation Centre,43.688153079245126,-79.48219789940566,23
734,d98ed5a52cd490b3cc4aa57f11510ecb,Tobermory Dr / Finch Corridor Trail,43.7611741,-79.5114452,19
735,d9b63bdad84959af04feaa873f9c0eaf,20 Charles St E,43.6691099,-79.38551,33
736,d9d0c97c8f65e3fb4ebcd464a11f5522,Priscilla Ave / Dundas St W,43.664665,-79.489385,23
737,dad51db43939490092b81d8cea72e018,Dufferin St / Sylvan Av (Dufferin Grove Park),43.6555556,-79.43361111111112,19
738,daf29ca6d17e9b4b4921ebfb3fa749c4,Shuter St/River St,43.659296,-79.358035,15
739,db63343ae1e174637ed6eba3912c4440,York University Station (South) - SMART,43.77345,-79.5002,16
740,db9bcdbd258af5174a3e6d725807957e,Frederick St / King St E,43.651118,-79.369411,47
741,dbf21479ba65c85662203d868172f9d6,19 Glendora Ave,43.75921143833388,-79.40960364801701,11
742,dbf9d3fb9932d05d7ddda51acd4d26b0,Wallace Ave / Symington Ave - SMART,43.661324,-79.449534,12
743,dc08a348402ae50b98dcbec122c0ab84,University Ave / Queen St W,43.65052424212547,-79.38672702579497,18
744,dc268bf6d12c7311db0b5b61b3304b03,King St W / Joe Shuster Way,43.639444,-79.423611,23
745,dcbcf9c681fbd3e77dfbea6df0e070bc,Simcoe St / Wellington St W South,43.6458569,-79.3853654,27
746,dd65003e27abc37a3a1e5b524eb00203,Nassau St / Bellevue Ave,43.65484215542248,-79.40351232494366,15
747,ddba9c631e11fbae48e2be60289f60c2,Pretoria Ave / Broadview Ave,43.6783213,-79.35822,19
748,de5dcf1ee9ccff065e01b4516b46f190,Neil McLellan Park,43.65143,-79.47779,14
749,deb6cce4318ac072f72c4988efd9dbdf,Dundonald St / Church St,43.66663,-79.38148,39
750,ded51d399ed59c94c0a464202fc09fe0,Union Station,43.645609,-79.380386,27
751,dee47db4f9132cf52b6b7b07db032e75,Bathurst St / Housey St,43.63781903961206,-79.40013176752855,23
752,df05fe5ca5c71ce120962deaac85c1fa,Avenue Rd / Macpherson Ave ,43.67794376009951,-79.39836278587889,15
753,df0ee6e75eb32441818a11d990fa844a,190 Queens Quay E,43.6451308,-79.36536439999999,15
754,df51480ffd94a7b3412a6d3cc7706585,265 Armadale Ave,43.6501644,-79.48296909999999,43
755,dfa3077e49380a6a7accded4a826fa06,Gladstone Ave / Queen St W,43.64314139337404,-79.42728015945511,15
756,e0922b2f262397718c664e81a80bf544,1 Shortt St,43.69592993313034,-79.45190139609524,38
757,e0ae749c309ee887012688bbd69c8b10,Lake Shore Blvd E / Knox Ave,43.660206,-79.3244,11
758,e0dec8b8f5ed285bfbd952bb253084f4,Wychwood Ave / Benson Ave - SMART,43.6809164,-79.4229684,16
759,e15764d43dae2febba437044f0b41c0d,Queen St W / Shaw St,43.6442457,-79.41610440000001,22
760,e211f140df2f544c2510493e0c05b570,Lake Shore Blvd W / Brow Dr,43.591410003452495,-79.54418190344097,15
761,e228eced48bdb1f81b6b38456fdcad39,The Pond Rd / Sentinel Rd,43.7696262,-79.5025943,27
762,e23bf5a5ce76983f962ad8f9524e00ab,365 Lippincott St,43.6649482,-79.40947,41
763,e28bec2cacb249601ba4e3da8ce10aa3,St Clair West Subway Station - Heath Entrance,43.686352,-79.415894,23
764,e2911ec2b832c350dad0a8831a30d273,Fort York  Blvd / Capreol Ct,43.639832,-79.395954,47
765,e38ee1ccd4c3964a5c0d308d29403b88,Lansdowne Ave / Whytock Ave,43.6538888888889,-79.4413888888889,15
766,e3a75a102dcca872bdeebd03b6182728,Queens Park Cres / College St ,43.66018127636866,-79.39083271520538,23
767,e3c4ef5e47b905992ebcd262cc3df594,Kewbeach Ave / Kenilworth Ave,43.666325,-79.3014,23
768,e441f2c2eb1ee656c751ae89b5f28ba9,Queens Quay E / Merchants' Wharf,43.64643026333144,-79.3618163165329,27
769,e4481e45d22462b01aca9513d8f5674e,Lake Shore Blvd W / Windermere Ave,43.634896,-79.467763,18
770,e46a04a7825e44fa858bc0cb00a4458a,Sumach St / Carlton St (Riverdale Farm),43.665867,-79.362506,15
771,e473bffc39f79fdd42e27583ccbe0709,Bloor St W / Pacific Ave,43.65412449999999,-79.4636388,7
772,e4d76b13daa3859403326b474684159d,Marie Curtis Park,43.5880774,-79.5432067,23
773,e53f168eadc3a7e3b9704193c739cb12,College St / Crawford St,43.655,-79.418889,19
774,e565aef96d6d5fce5279ef6f24b9ce69,Dundas St E / Pembroke St ,43.658295,-79.372346,16
775,e571afa541f3a785d8eb3e871ea2d4e5,Wells St / Brunswick Ave,43.67105163758377,-79.40904755211488,15
776,e59ebca743500b50891c5d639a6ef349,Rogers Rd / Prospect Cemetery,43.68323,-79.455765,23
777,e5a7fc18db4989ecaf70a7e98866faee,Hubbard Blvd / Balsam Av,43.669328,-79.288949,19
778,e5f767772c705d8231b6b198de4aa458,Spadina Ave / Sussex Ave ,43.66402799999999,-79.40297869999999,35
779,e5f9b21c3995c434d0978634faed2a08,Sentinel Rd / Sheppard Ave W,43.74386580997666,-79.49181654358595,15
780,e6151e077a7d8141f6ae96e6223d12e9,541 Huron St - SMART,43.670206,-79.402643,20
781,e6588e3838b256ab32f9b7db54be5a66,Judson St / Royal York Rd,43.6162721,-79.4990363,19
782,e67960ae2a91a3adf6adf65a92dfd09f,Fort York Blvd / Bathurst St - SMART,43.639052,-79.399792,20
783,e7384509a60160b8e84403a3247255a5,Keele St / Vine Ave,43.66686,-79.46526,23
784,e7968ab22d9a15db0673f463144428eb,College Park South,43.65945682499,-79.38236466864778,18
785,e7b2879f63e9d4253fe62838b99f9b4f,1926 Lake Shore Blvd W,43.6357643,-79.4674917,23
786,e7c767f3a1e8dcb9a41229a68b69eaad,Wellington St W / Stafford St,43.6409957,-79.40966630000001,23
787,e7ebcf37e1b4dd9b4d8efc7825e114a2,Centennial College (Ashtonbee Campus),43.73003601845614,-79.2920036521843,19
788,e8761ce9af6e4ae2a1eaaaf420b2cd71,Chatham Ave / Byron Ave,43.6798678328407,-79.33424613862303,14
789,e8fa9e1f75a6a3e6795f420149665538,Niagara St / Portland St,43.6425791,-79.40011729999999,11
790,e933ad7ff4aae2c390d9f79c1043d657,Carlaw Ave / Dundas St E,43.665076,-79.341509,17
791,ea3315c38d0d6b79d5e38457850a1cfc,Sunnybrook Health Centre - S Wing,43.720998,-79.377456,11
792,eaabca685376f1b1229969e68c26a1b9,Tiago Ave / Westview Blvd,43.71101621552703,-79.30675743891624,15
793,eb00d171668cedf07334d8504a1dbd79,Wynford Heights Cres / Concorde Pl,43.72749778259739,-79.32714222209015,11
794,eb20e0b8c7c8bf1fc4157a3b715e2837,High Park Subway Station,43.6543604,-79.4655296,11
795,eb524dc294d5460d6f1d4cdf90b6351f,Ward St / Wallace Ave,43.662857,-79.44618,15
796,eb9f4cf130feebf9af0dc0225411eb98,Frederick St / The Esplanade,43.6487245,-79.36839,19
797,ec3b9fd9e808fc3e1819e802f02ea442,Avenue Rd / Cumberland St ,43.669821695059376,-79.39444614603269,15
798,ec48a65298b460584afe2586c15c360c,Humber Bay Shores Park West,43.6224434,-79.480284,30
799,ec83cf5759b66963ff5ea75bee4b9f1d,Yonge St / Montgomery Ave - SMART,43.70960859570095,-79.39915125005619,12
800,ed02403ba3e67b969a9d5e10742b7d5b,York St / Wellington St W (1) ,43.646734,-79.38301,23
801,ed77bb45e5a6964a4b94c780d5c21584,Queen St E / Sackville St,43.6561111,-79.36138888888888,15
802,edbbbbc2b0bd5c8322b6395633ce610c,101 Cedarvale Ave,43.6868681,-79.3110942,27
803,ee019f1c082cac84d721e071f41b4e77,Jane St / Yewtree Blvd,43.75531728502427,-79.51704708227844,15
804,ee2e9277d3e8a86acbfdda0e395d1378,Elizabeth St / Edward St (Bus Terminal),43.656026,-79.385327,15
805,ee45e3b6a9f07f4581d82c06d9bd5f51,Hubbard Blvd / Glen Manor Dr,43.668633,-79.291162,15
806,eec8016afd7a2c9574726724fc5bbab9,Widmer St / King St W,43.6463574,-79.391206,11
807,ef0363fb67db85c62cfe83b7032ade5b,Yonge St / Wood St,43.6622222,-79.3825,15
808,ef56a1cd06ce475b3420570afbced3fa,Woodbine Subway Station,43.686442,-79.313404,15
809,ef9dfe14fccf2237630ed9002c48fc3b,Lascelles Blvd / Eglinton Ave W,43.70547,-79.40355,19
810,f00a7293c22a11405ed12cee565f4129,91 Via Italia,43.67665014253828,-79.44503029755326,38
811,f01ce5efb5e67f30b96994096ac1d300,Sharpe St / Park St (Sandown Park),43.7105975,-79.2541175,15
812,f01e7413a6af4607ca80257160d89ae6,Wellesley St E / Parliament St,43.6682342,-79.3702641,15
813,f04359bb2878aa6d672474276e5017e4,Glebe Rd W / Yonge St,43.7005976,-79.397345,19
814,f09065f8c579326456b4b30837f0e96f,Palmerston Blvd / Lennox St,43.66335070995886,-79.41312798316125,11
815,f0af815a9e6c12bd0382843e03fd322f,Eglinton Ave W / Henning Ave SMART,43.7063473,-79.40161,20
816,f0da3c366706de4cbcc2bba104331023,Caledonia Rd / Lotherton Pathway,43.70756436685646,-79.46571474966814,19
817,f0ef11b3bf1f1a2ab5d7a556fde038f6,Eglinton Ave W / Scarlett Rd,43.6834703,-79.5108942,22
818,f17b2cacee03b81324030881d439f7a9,Harvie Ave / Rogers Rd,43.68402031135697,-79.45297885330353,19
819,f1bad47f1bca16159267c0ad3e50fb1a,Lake Shore Blvd W / Twenty Fourth St,43.597082,-79.522768,19
820,f2bce10cc9ea50a3431d1ed152ff4e2c,Yonge St / Merton St ,43.6962750705313,-79.39629396191867,23
821,f36d8ed5ff407fc4eab6c9cc344661f9,Danforth Ave / Westlake Ave,43.687323,-79.304848,15
822,f376aecd6bb0d97d5d1580e9537017dd,Erskine Ave / Yonge St SMART,43.7112153,-79.39894,16
823,f379a344cec55e6a00db6f95769d9a46,Soho St / Queen St W,43.649649714291584,-79.39372141352654,15
824,f3a3e4be39f05e9b3d9fa4aa863b6d5a,Adelaide St E / Parliament St,43.65378337432506,-79.36335973372954,23
825,f3a880cb5277285662d2d68f5523488d,Davenport Rd / Dovercourt Rd - SMART,43.6741219,-79.4352208,16
826,f3aa2a6bb24e5012b030c6810cf39964,Church St / Bloor St E,43.671389,-79.382919,15
827,f3f1657964f64d6b4355e42b0261c789,University Ave / Gerrard St W - SMART(South),43.65748153286412,-79.38921396018827,16
828,f42363acf4af847ca6fcdbe9b48c8290,Liberty St / Fraser Ave Green P,43.637981,-79.424146,19
829,f4d33af4f0cfe71c2bc31fa004030b47,St Clair Ave W / Avenue Rd ,43.68688938028234,-79.40099513147447,15
830,f52bcef41a84669da7a468cfc4531356,Robert St / Bloor St W - SMART,43.665846,-79.404998,18
831,f5506a406fb49a19088bedd1d8e9cd2f,Beverley St / College St,43.6575,-79.39527777777778,23
832,f622ddb7efda3e9074e12ac16bc7fdd7,George St / King St E,43.6509552,-79.3707,15
833,f7751b356cdb61712f43b2e083e6de4f,Duncan St / Adelaide St W - SMART,43.64813057569729,-79.38858106137695,12
834,f84773b4dcedcaea20de2c7e324d8c90,Dentonia Park,43.694341,-79.291416,23
835,f889b35bb8077eaa77f35bed4d524e89,Blantyre Park,43.68306889999999,-79.279682,22
836,f897c08ea341fc832b7ca756cb0982ae,Ripley Ave / Ormskirk Ave,43.6390437,-79.4760109,23
837,f8bbce635f366ade23994d02cb6fcc75,College St / Huron St,43.658148,-79.398167,19
838,f9095ffa2741d962cd7c3c3bef2ab8a7,Bathurst St / Dundas St W,43.6518918789007,-79.40577861712723,27
839,f91f2493c8cca75e7c70987c8d0a516c,Ontario Place Blvd / Lake Shore Blvd W,43.6322445,-79.4108105,27
840,f926e2b4fe4ff841a24b2ac4962e62bd,Bartlett Parkette,43.6702236,-79.4360232,23
841,faff1725fda5d7e4856db9169a7fe130,Queen St W / Cowan Ave,43.64089724173822,-79.43283582518329,19
842,fb0ff514e9bb7798f0a682f36f644b05,Sumach St  / Queen St E,43.656638,-79.358749,19
843,fb2618cee3456166ccc52c3ceeae13c6,Moore Park,43.693256,-79.383238,15
844,fb337bbed72e2be090071e199899b2be,Queen St E / Woodward Ave,43.665269,-79.319796,19
845,fb3867774f8ac943a838fb13a41bd1b6,Front St E / Bayview Avenue,43.6535,-79.354068,22
846,fb7be9c97f75af521151fda98e85d7f4,E.T Seton Park - South ,43.70503461857136,-79.33547292037659,23
847,fba4560a5641afdb69a97d04466ef788,St Clair Ave W / Bathurst St.,43.683296,-79.418734,19
848,fbc181887030746137034a35fb5f7cfd,The Pond Rd / Ian Macdonald Blvd,43.77086729028769,-79.49812990660705,15
849,fbe9d43c99b96819afa1ac7aa26ec927,Eglinton Ave E / Victoria Park Ave,43.72486103230542,-79.30351306295167,11
850,fbf3bb78beefa587d54c8b24e2533469,Logan Ave / Bain Ave,43.6720273,-79.3470557,19
851,fc5b892aa82601e2374e8c1772dde569,Sterling Rd / Dundas St W,43.6508333333333,-79.4430555555556,19
852,fc62f74abe3d79fa430f55f6f56e5e3a,Gould St / Yonge St (TMU),43.657424,-79.381019,23
853,fc6389e5eba6c99ed3c0185b65c9cb5c,406 Oakwood Ave,43.68827060022711,-79.43937767081853,19
854,fc7fa6476f3fce587eeb9e2200faa005,Simcoe St / Queen St W,43.65049,-79.3873,39
855,fca601c1041c34a9c42af38d71e7403a,Cherry Beach Sports Fields (55 Unwin Ave),43.6408346,-79.3429074,31
856,fd7c0cadeb907434f002aadc42a88554,Brimley Rd / Lawrence Ave E ,43.75404854399297,-79.2553167552948,39
857,fe00988a883c9469b82d17221ef1824b,Dundas St W / Roncesvalles Ave Green P -SMART,43.6534268,-79.4512787,12
858,fe268f3f2f439d0016dc46605491078e,Pottery Rd / Lower Don River Trail,43.688148,-79.362101,15
859,fe806cf907683c67f4d2899eb4123f00,457 King St W,43.6452091,-79.3960744,19
860,fe97ae335b31b6c455f340f397904d38,Danforth Ave / Coxwell Ave,43.683378,-79.322961,15
861,fea3f9dfbcc18225728f10913c5d3d5b,Bloor St W / Brock Ave,43.6589882,-79.438715,11
862,ffc954e6f4228f59169c040483ebcc3a,Wells Hill Ave / St Clair Ave W,43.683351,-79.41562,15
863,ffeaa2aaedeb18fc11f708bcd8323149,Bay St / Dundas St W,43.655350778457056,-79.38345966759798,55
